clause_id,content_type,state,citation,citation_status,verification_status,effective_from,last_checked,supersedes,notes
abandoned-property-sd,LEASE_CLAUSE,SD,"SDCL 43-32-25, 43-32-26",CITED,VERIFIED,2026-08-23,2026-08-23,,"Two-track architecture matching North Dakota's shape but with different numbers: property valued at $500 or less (notably lower than ND's $2,500 line), left after the tenant has quit, is presumed abandoned; higher-value property must be stored, with the landlord holding a lien limited to reasonable handling/storage costs, and may be treated as abandoned after 30+ days of storage. Both tracks use the same 'tenant has quit the premises' trigger -- unlike ND's §47-16-30.1, South Dakota has no separate written-notice-of-vacatur requirement."
acceptable-payment-methods,LEASE_CLAUSE,SD,,GENERIC,VERIFIED,2026-08-23,2026-09-07,,"Generic contract-mechanics clause; SD re-audit (2026-09-07, Tier A of the L.2 exhaustive generic-clause audit) found no SD-specific statutory interaction, or self-limiting text that already defers to applicable law."
addendum-precedence,LEASE_CLAUSE,SD,,GENERIC,VERIFIED,2026-08-23,2026-09-07,,"Generic contract-mechanics clause; SD re-audit (2026-09-07, Tier A of the L.2 exhaustive generic-clause audit) found no SD-specific statutory interaction, or self-limiting text that already defers to applicable law."
appliances-included,LEASE_CLAUSE,SD,,GENERIC,VERIFIED,2026-08-23,2026-09-07,,"Generic contract-mechanics clause; SD re-audit (2026-09-07, Tier A of the L.2 exhaustive generic-clause audit) found no SD-specific statutory interaction, or self-limiting text that already defers to applicable law."
application-of-payments,LEASE_CLAUSE,SD,,GENERIC,VERIFIED,2026-08-23,2026-09-19,,"Generic contract-mechanics clause; SD re-audit (2026-09-07, Tier A of the L.2 exhaustive generic-clause audit) found no SD-specific statutory interaction, or self-limiting text that already defers to applicable law. ADDENDUM 2026-09-19 (Ohio citation-extraction pass): this row's own 2026-09-07 note already knew SD's cure-right gap existed (SDCL 21-16-2's notice-to-quit requirement was repealed in 2024, and this clause's closing sentence references a cure right SD does not have) but left the shared bodyText unedited; CO's own citation note independently flagged the same SD gap and it also went unfixed. Closed at the source during Ohio's pass: the shared clause across all 8 states was softened from asserting 'Tenant's statutory right to cure' to 'any statutory right Tenant may have,' accurate regardless of whether a given state has one. No SD-specific action needed -- this is a uniform fix, not a state-driven one."
assigned-parking-space,LEASE_CLAUSE,SD,,GENERIC,VERIFIED,2026-08-23,2026-09-07,,"Generic contract-mechanics clause; SD re-audit (2026-09-07, Tier A of the L.2 exhaustive generic-clause audit) found no SD-specific statutory interaction, or self-limiting text that already defers to applicable law."
assistance-animal-accommodation-sd,LEASE_CLAUSE,SD,SDCL 43-32-33 through 43-32-36,CITED,VERIFIED,2026-09-07,2026-09-07,assistance-animal-accommodation,"The most detailed state found so far in this project on the anti-letter-mill documentation-source requirement (matches North Dakota's §47-16-07.5/07.6 pattern), and the only state with an explicit statutory dollar cap ($1,000) on the fraud-claim damage fee rather than leaving it to general damages law. Two further SD provisions bear on this topic but sit outside ch. 43-32 and were cross-referenced rather than folded in: SDCL 20-13-23.4 makes it a Class 2 misdemeanor for a landlord to prohibit a service animal for a physically disabled, blind, or deaf tenant (see edu-service-animal-prohibition-criminal-penalty-sd), and SDCL 20-13-23.7 imposes a state-level good-faith reasonable-accommodation duty in housing (see edu-reasonable-accommodation-duty-sd)."
common-area-use,LEASE_CLAUSE,SD,,GENERIC,VERIFIED,2026-08-23,2026-09-07,,"Generic contract-mechanics clause; SD re-audit (2026-09-07, Tier A of the L.2 exhaustive generic-clause audit) found no SD-specific statutory interaction, or self-limiting text that already defers to applicable law."
default-by-tenant-sd,LEASE_CLAUSE,SD,"SDCL Title 21-16 (SDCL 21-16-1(4), 21-16-1(7)); SDCL 21-16-2 (repealed, SL 2024 ch 75 § 1)",CITED,VERIFIED,2026-09-07,2026-09-07,default-by-tenant,"Genuine architecture difference from every other state's default-by-tenant row: 2024's repeal of SDCL 21-16-2 means South Dakota has no state-mandated notice-and-cure window before a nonpayment eviction action at all -- the nonpayment FED ground (21-16-1(4)) requires only that rent be unpaid for 3 days past due, and the lease-violation ground (21-16-1(7)) requires the lease ITSELF to specify that a violation terminates the tenancy, with no independent statutory definition of which violations qualify. Superseded the generic (which assumes a state-imposed cure period exists) rather than extending it, since 'the time period specified by applicable law' would be actively misleading where applicable law specifies none. TWO REAL DRAFTING ERRORS CAUGHT AND FIXED ON TAYLOR'S OWN REVIEW: (1) an earlier draft narrowed default grounds to only the three items literally named in a statute section title, silently dropping the library's standard 'any other obligation under this Lease' catch-all that every other state's version of this clause retains -- restored, since nothing in SD law actually limits what a landlord may define as a lease obligation; (2) a later draft referenced a dangling, nonexistent 'Notice and Opportunity to Cure' lease section -- see notice-and-cure-sd for why that mechanism was pulled from lease text entirely rather than fixed in place."
due-at-signing,LEASE_CLAUSE,SD,,GENERIC,VERIFIED,2026-08-23,2026-09-07,,"Generic contract-mechanics clause; SD re-audit (2026-09-07, Tier A of the L.2 exhaustive generic-clause audit) found no SD-specific statutory interaction, or self-limiting text that already defers to applicable law."
dv-lease-release-sd,LEASE_CLAUSE,SD,SDCL 43-32-19(3); SDCL 43-32-19.1,CITED,VERIFIED,2026-08-23,2026-08-23,,"Three qualifying-document types match the general CO/KS/NE/MN pattern for this topic. South Dakota's liability cutoff (rent for the month following the month vacated) is a somewhat different formulation from Nebraska's release-date-driven cutoff (dv-lease-release-ne) -- not yet cross-checked against every other state's exact cutoff mechanics, flagged as a possible future cross-state consolidation item."
early-termination,LEASE_CLAUSE,SD,,GENERIC,VERIFIED,2026-08-23,2026-09-07,,"Generic contract-mechanics clause; SD re-audit (2026-09-07, Tier A of the L.2 exhaustive generic-clause audit) found no SD-specific statutory interaction, or self-limiting text that already defers to applicable law."
edu-advance-rent-vs-deposit-sd,LANDLORD_EDUCATION,SD,SDCL 43-32-6.1,CITED,VERIFIED,2026-09-07,2026-09-07,,"Whether money collected up front is a 'security deposit' turns on its FUNCTION, not its label: §43-32-6.1's opening sentence supplies this functional test directly ('any deposit of money, the function of which is to secure the performance of a residential rental agreement... shall be deemed to be a security deposit'). A payment genuinely applied as rent for the final month is advance rent and doesn't count against the one-month deposit cap; the same payment held as security against damage or nonperformance is deemed a deposit regardless of what the lease calls it, carrying all the deposit rules including the return deadline, itemized-accounting window, forfeiture, and punitive-damages exposure. CORRECTED 2026-09-07: an earlier draft asserted advance rent and security deposit are flatly 'separate categories,' unconditioned -- overstated, since the statute's own functional test governs which one a given payment actually is. GENUINELY OPEN, not just under-researched: whether general contract-law principles would treat an advance-rent payment as functionally a deposit if a landlord tried to use it as damage security -- no case law located either way."
edu-attorney-fee-clause-limit-sd,LANDLORD_EDUCATION,SD,"SDCL 15-17-36, 15-17-37, 15-17-38, 15-17-39, 15-17-42",CITED,VERIFIED,2026-09-07,2026-09-07,,"South Dakota's strict American Rule sits in the costs chapter, not the landlord-tenant chapter: §15-17-38 leaves attorney compensation to the parties' agreement but allows fees to be TAXED AS COSTS only where a specific statute permits it, and §15-17-37's enumerated disbursements list contains NO attorney fees at all -- combined with §15-17-36 abolishing costs-as-indemnity generally, fees are not a default recoverable cost in SD, only a narrow statutory exception. §15-17-38's specific authorizations (family law, trusts, probate/guardianship, mortgage foreclosure) don't reach a residential lease. §15-17-39 separately voids a fee-on-default clause in an 'evidence of debt' -- whether a residential lease counts as one is a genuinely open question (Credit Collection Services v. Pesicka, 2006 S.D. 81, reversed a denial of contractual fees on a contract that was NOT an evidence of debt, implying but not holding that leases fall outside §15-17-39). Where fees ARE available: SDCL 21-16-11 (mutual, in eviction actions) and SDCL 43-32-28 (a prevailing tenant in a retaliation action) -- both the kind of specific statutory authorization §15-17-38 requires. RESOLVED AFTER AN EXPLICIT SCOPE ESCALATION: §15-17-42's own text ('This chapter applies to any civil action... in which the State of South Dakota... is a party') looked like it might LIMIT the whole chapter to government-party litigation, which would have misdirected this row's entire analysis -- resolved as an EXTENSION (confirming governmental parties aren't exempt), not a limitation, both because every other operative section is drafted with no governmental qualifier and because Pesicka itself applied §15-17-38 in a purely private dispute."
edu-death-incapacity-lease-survival-sd,LANDLORD_EDUCATION,SD,SDCL 43-32-23,CITED,VERIFIED,2026-08-23,2026-08-23,,"The opposite of a tenant-protective early-termination-on-death right (contrast North Dakota's own tenant-death-termination finding): if a lease is terminable at the pleasure of either party (a true at-will arrangement), it terminates on notice of that party's death or incapacity -- but in every other case, including an ordinary fixed-term residential lease, death or incapacity does NOT terminate the lease; it survives and binds the deceased or incapacitated party's estate or successor. A lease-survival/estate-binding rule, not a release mechanism -- flagged explicitly so it doesn't get conflated with ND's genuinely different architecture."
edu-detector-duty-scope-sd,LANDLORD_EDUCATION,SD,"ARSD 61:15:01:14, 61:15:01:15; ARSD 46:04:01:20",CITED,VERIFIED,2026-09-07,2026-09-07,,"South Dakota has no single smoke-detector statute covering all rentals, but three narrowly-scoped administrative rules: a multifamily residence housing SIX OR MORE families must have at least one smoke detector per unit (61:15:01:15, enforced by written notice with 30 days to comply); lodging establishments must have detectors in each sleeping room (61:15:01:14); and manufactured homes must have a smoke AND carbon-monoxide detector on each floor (46:04:01:20). What's NOT covered is the band that matters most for this project's customers: a single-family rental, a duplex, or any multifamily building under six families falls outside all three rules, with no detector requirement beyond the general habitability duty. CO detectors are required only in manufactured homes -- no rule requires them in a conventional rental of any size. MATERIAL CORRECTION, SECOND ERROR INTRODUCED IN THIS RE-AUDIT ITSELF (not inherited): an earlier draft of this very re-audit asserted 'neither rule reaches a typical single-family or apartment lease,' having read only 61:15:01:14 (the lodging-establishment rule) and stopped without reading the very next rule in the same chapter, 61:15:01:15, which DOES impose a real, enforceable duty on 6+-unit buildings. Caught only because this was the second instance of the identical stop-at-the-first-match failure in the same session, which triggered a mandatory adjacent-provision sweep going forward."
edu-dv-confidentiality-sd,LANDLORD_EDUCATION,SD,SDCL 43-32-19.2,CITED,VERIFIED,2026-08-23,2026-08-23,,"If a tenant terminates under South Dakota's domestic-abuse/stalking early-termination provision and provides a forwarding address or other contact information, the landlord may not disclose it to anyone except with the tenant's consent or as required by law -- the same confidentiality pattern already logged for Colorado, confirmed here as its own distinct South Dakota code section rather than folded into the termination-mechanics section."
edu-entry-notice-content-sd,LANDLORD_EDUCATION,SD,SDCL 43-32-32,CITED,VERIFIED,2026-08-23,2026-08-23,,"24 hours' written notice is presumed reasonable (not a fixed floor) unless the lease sets a different method/timing by mutual agreement; the notice must specify the entry date(s), a normal-business-hours time period, the purpose, and a means for the tenant to request rescheduling. Structurally close to North Dakota's entry-notice statute, but South Dakota's explicit tenant right to request rescheduling is a real addition ND's own text (as read in that session) didn't carry. No fixed 'reasonable hours' window exists in SD the way Minnesota has 8am-8pm -- SD leaves 'reasonable times' statutorily undefined."
edu-eviction-grounds-sd,LANDLORD_EDUCATION,SD,SDCL 21-16-1,CITED,VERIFIED,2026-09-07,2026-09-07,,"The three residentially-relevant FED grounds, confirmed on full-text re-audit: holdover after the lease term; failure to pay rent for three days after due; and waste, or doing/failing to do any act which under the LEASE'S OWN TERMS operates to terminate it -- South Dakota law does not independently define which lease violations justify eviction, so a Steinoak clause stating a violation 'operates to terminate this Lease' is doing real legal work in SD, not just restating a default."
edu-eviction-procedure-sd,LANDLORD_EDUCATION,SD,"SDCL 21-16-2 (repealed, SL 2024 ch 75 § 1); SDCL 21-16-6, 21-16-6.1, 21-16-7, 21-16-10, 21-16-11, 21-16-12",CITED,VERIFIED,2026-09-07,2026-09-07,,"South Dakota no longer requires a separate statutory notice to quit before filing an FED action (repealed 2024) -- a landlord may file once a ground exists, such as rent unpaid three days. CORRECTED 2026-09-07 after the whole chapter's primary text was supplied by Taylor (previously only cited, never read): an earlier draft OMITTED the real service regime entirely (a minimum of two service attempts, at least one week apart, both within thirty days, with conspicuous posting plus first-class mail on the second attempt -- building roughly a week's floor into every SD eviction that the earlier draft's process looked faster without) and omitted the appearance rule's alternative trigger (30 days after publication) and its continuance-undertaking requirement. Attorney fees are MUTUAL under §21-16-11 ('to the prevailing party,' either side, conditioned on licensed-attorney representation) -- SD's own instance of this project's standing cross-state fee-shifting-mutuality question, joining ND in confirmed-mutual language. A real, in-use South Dakota lease reviewed for comparison (South Dakota Achieve's) has its OWN one-way, tenant-pays-landlord attorney-fee clause for general contract enforcement outside the FED process -- not in conflict with §21-16-11's mutual rule, since that rule is scoped specifically to the eviction/FED court process and doesn't reach general lease-enforcement disputes, where ordinary freedom-of-contract principles still apply."
edu-exculpatory-clause-limit-sd,LANDLORD_EDUCATION,SD,"SDCL 53-9-3; Holzer v. Dakota Speedway, 2000 S.D. 65, 610 N.W.2d 787; Domson v. Kadrmas Lee & Jackson, 2018 S.D. 67, 918 N.W.2d 396",CITED,VERIFIED,2026-09-07,2026-09-07,,"South Dakota has no enumerated list of prohibited lease provisions, but §53-9-3 (unamended since 1939, no currency risk) voids any contract term exempting a party from responsibility for its own fraud, willful injury, or violation of law -- South Dakota's direct counterpart to N.D.C.C. § 9-08-02, which is why the North Dakota ground for extending the parking/storage-space/tenants-property-insurance exculpatory-clause family transfers to South Dakota rather than being defeated. In practice a clause releasing the landlord for ordinary negligence is generally enforceable if clear and unambiguous, void to the extent it reaches fraud or willful/wanton conduct. OPEN QUESTION, carried at secondary confidence: no South Dakota appellate decision applies §53-9-3 specifically to a landlord's exculpatory clause in a residential lease -- Holzer is a motorsport spectator release and Domson an engineering contract, so the ordinary-negligence-enforceable holding is an extrapolation from analogous cases, not a direct one. Separately, no exculpatory language can waive the landlord's non-waivable repair/habitability duty under SDCL 43-32-8."
edu-fair-housing-additions-sd,LANDLORD_EDUCATION,SD,SDCL 20-13-20; SDCL 20-13-1(16),CITED,VERIFIED,2026-09-07,2026-09-07,,"Beyond the 7 federally protected classes, South Dakota's own fair housing law adds only creed and ancestry -- a narrower state addition than CO/MN's broader lists in this project. No source-of-income (voucher) protection and no SOGI protection at the state level. The small-landlord owner-occupied exemption is CONFIRMED PRESENT and genuinely narrower than the federal Mrs. Murphy exemption: it caps at TWO units, not the federal FHA's four (42 U.S.C. § 3603(b)(2)) -- so an owner-occupied three- or four-unit building is exempt federally but NOT under South Dakota law, the opposite of what a landlord applying the familiar federal rule would assume. The exemption also does not reach the discriminatory-advertising prohibition regardless of building size. A landlord-identity-disclosure requirement was searched for and NOT found (a competing secondary source's specific citation, SDCL 43-32-2, was checked directly and is simply wrong -- that section is an unrelated agricultural-land lease-term cap) -- confirmed absent with reasonable confidence, not committed as its own row per this project's confirmed-absent convention."
edu-habitability-duty-sd,LANDLORD_EDUCATION,SD,"SDCL 43-32-8, 43-32-9",CITED,VERIFIED,2026-09-07,2026-09-07,,"A non-waivable duty to keep residential premises and common areas in reasonable repair, fit for habitation, and in good working order (electrical, plumbing, heating), except where disrepair is tenant-caused. If the landlord fails to repair within a reasonable time after tenant notice, the tenant may repair-and-deduct, or vacate and be discharged from further obligations -- or, where the repair cost exceeds one month's rent, withhold rent into a separate escrow account until repairs are made. That rent-escrow mechanic is a genuinely distinct middle option this project hasn't seen with this exact structure in CO/WY/KS/NE/MN/ND. Not built as a LEASE_CLAUSE since it states a mandatory, non-waivable landlord duty rather than negotiable lease language."
edu-holdover-mechanics-sd,LANDLORD_EDUCATION,SD,SDCL 43-32-14,CITED,VERIFIED,2026-09-07,2026-09-07,,"South Dakota has no statutory holdover-damages multiplier at all -- genuinely different architecture from every other state closed in this project (CO's double rent, KS's 1.5x, NE's 3x, ND's straight rent-through-term liability). Instead, if a tenant holds over and the landlord accepts rent, the law presumes the parties renewed the tenancy on the SAME terms for the SAME time, capped at one year. If the landlord doesn't want to renew, the practical remedy is declining further rent and proceeding to eviction rather than relying on a statutory penalty. Directly drove holdover-sd's supersession of the generic clause."
edu-landlord-lien-absence-sd,LANDLORD_EDUCATION,SD,,CONFIRMED_ABSENT,VERIFIED,2026-08-23,2026-08-23,,"South Dakota gives a residential landlord no general lien or security interest over a tenant's personal property to secure unpaid rent -- the only lien-like mechanism is the narrow abandoned-property handling-cost lien already captured in abandoned-property-sd (SDCL 43-32-26), not a general security interest usable against a tenant still in possession. Reasonable but not maximally strong finding: no general landlord's-lien statute was found in Title 44 (SD's general lien-law title) or ch. 43-32 across two search rounds, but unlike Kansas's (K.S.A. 58-2567) or Nebraska's (§76-1434) EXPLICIT abolition statutes, no evidence surfaced that South Dakota's lien ever existed and was abolished -- this rests on absence-of-evidence rather than an affirmative repeal, flagged honestly as the weaker of the two evidentiary shapes."
edu-late-rent-waiver-absence-sd,LANDLORD_EDUCATION,SD,,CONFIRMED_ABSENT,VERIFIED,2026-08-23,2026-08-23,,"South Dakota imposes no statutory requirement that a landlord reserve its rights when accepting late rent to preserve a later right to terminate for that same payment -- unlike Nebraska's §76-1433 ('after the breach' framing) or Kansas's 'without reservation' rule, neither of which SD has an analog to across multiple targeted searches. Bolstered by an architecture-based inference, not just absence-of-evidence: SD's 2024 repeal of its own notice-to-quit requirement removed the very framework NE/KS's waiver rules exist to police, making it unsurprising SD never developed (or has abandoned) an equivalent doctrine -- but the underlying search itself is a targeted-search absence, not a full-chapter read specific to this exact question, so it's carried at a slightly lower evidentiary tier than SD's chapter-wide confirmed absences."
edu-month-to-month-modification-notice-sd,LANDLORD_EDUCATION,SD,SDCL 43-32-13,CITED,VERIFIED,2026-08-23,2026-08-23,,"To modify a month-to-month lease's terms (including rent), the landlord must give at least 30 days' written notice before month-end; a tenant who receives one may instead terminate, effective the first of the next month, on 15 days' written notice. Must not be conflated with SD's separate 15-day general tenancy-at-will termination notice (SDCL 43-8-8, see edu-tenancy-at-will-termination-sd) -- §43-32-13 governs modifying specific lease terms, §43-8-8 governs simply ending an at-will tenancy outright with no modification involved. Several secondary sources correctly distinguish the two when read carefully, but a careless read of a bare 'SD notice = 15 days' headline risks collapsing them into one rule."
edu-no-post-writ-animal-duty-sd,LANDLORD_EDUCATION,SD,SDCL ch. 43-32 (read section-by-section); SDCL Title 21-16 (full text),CITED,VERIFIED,2026-09-07,2026-09-07,,"South Dakota law says nothing about what happens to a tenant's animals after eviction -- no animal-control notification route, notice-posting requirement, unattended-animal rule, or duty assigned to the landlord or sheriff; the abandoned-property provisions are written for property and are a poor fit for a live animal. Matches North Dakota's identical finding; Colorado is the outlier with an affirmative duty, so the absence is the regional norm. Confidence is genuinely two-tiered and stated as such: the ch. 43-32 half is fully primary-verified, while the Title 21-16 half (that the eviction chapter itself imposes no post-writ duty) rests on the complete chapter text supplied by Taylor, confirmed to contain no post-writ property or animal provision across §§21-16-1 to -12."
edu-no-prohibited-terms-list-sd,LANDLORD_EDUCATION,SD,SDCL 53-9-3; SDCL 43-32-8; SDCL 15-17-39,CITED,VERIFIED,2026-09-07,2026-09-07,,"South Dakota's landlord-tenant chapter has no enumerated list of prohibited lease provisions the way Kansas and Nebraska do -- confirmed via this project's own complete, primary-sourced index of Chapter 43-32's 37 sections, a stronger evidentiary posture than a mere failed search since it rests on positive knowledge of the chapter's full contents. That narrow absence is real, but a general contract statute independently fills much of the gap: §53-9-3 voids exculpatory/indemnification terms reaching fraud, willful injury, or violation of law; §43-32-8 makes the repair/habitability duty non-waivable; §15-17-39 voids attorney-fee-on-default provisions in an evidence of debt. CORRECTED 2026-09-07: an earlier draft asserted, without checking, that an exculpatory clause 'would be tested under general consumer-protection and common-law unconscionability doctrine' -- wrong, since §53-9-3 is squarely on point and had simply never been located (the earlier search stayed confined to ch. 43-32 and never reached Title 53). This is the correct, well-supported ground for extending the parking/storage-space/pet/property-insurance exculpatory-clause family to South Dakota."
edu-post-writ-property-duties-sd,LANDLORD_EDUCATION,SD,"SDCL 43-32-25, 43-32-26; SDCL Title 21-16 (full text)",CITED,VERIFIED,2026-09-07,2026-09-07,,"South Dakota imposes no post-writ inventory, storage, notice, or care-standard duty specific to eviction -- the general abandoned-property rules govern instead, triggered by the tenant having quit the premises rather than by service of a writ, so the same $500/30-day timeline applies whether the tenant leaves voluntarily or is removed. CROSS-STATE COMPARISON, recorded as comparison not inheritance: North Dakota's structurally similar lien is expressly subordinated to a prior perfected security interest; South Dakota's §43-32-26 lien carries NO such priority carve-out -- similar architecture, non-identical text. Found by an eviction-duty screen that had never previously been run against South Dakota, which also caught the missing post-writ-animal-duty row (edu-no-post-writ-animal-duty-sd) in the same pass."
edu-reasonable-accommodation-duty-sd,LANDLORD_EDUCATION,SD,SDCL 20-13-23.7,CITED,VERIFIED,2026-09-07,2026-09-07,,"South Dakota imposes its own state-level reasonable-accommodation duty in housing, separate from federal fair housing law: 'good faith efforts shall be made to reasonably accommodate' a disabled person unless it would impose undue hardship. The statute defines neither term and sets out no request-and-response procedure, so a landlord should document what was requested, considered, and why any accommodation was or wasn't made. Genuinely new to the library -- found only because a chapter-index sweep was finally run after the third instance of the same stop-too-early research failure in one session (see edu-service-animal-prohibition-criminal-penalty-sd's own saga). Recorded as landlord education rather than a lease clause since it states a standard of conduct, not a term the parties agree to; the FHA's reasonable-accommodation requirement is broader and better developed, and this row does not attempt to map where the two diverge."
edu-rent-control-preemption-sd,LANDLORD_EDUCATION,SD,SDCL 6-1-13,CITED,VERIFIED,2026-08-23,2026-08-23,,"South Dakota state law preempts local rent control outright -- no county, municipality, or other local government may enact or enforce an ordinance controlling private residential rent (a local government's own residential property it owns is unaffected). A genuinely useful architecture fact: Steinoak's municipal-ordinance-risk messaging for SD landlords can be more confident than the standard 'check local ordinances' hedge, since rent-amount control specifically cannot exist at the municipal level in SD regardless of what any individual city might attempt. Other categories of municipal ordinance (noise, occupancy limits, etc.) remain untouched by this section and stay out of scope."
edu-retaliation-prohibition-sd,LANDLORD_EDUCATION,SD,"SDCL 43-32-27, 43-32-28",CITED,VERIFIED,2026-08-23,2026-08-23,,"Bars retaliating against a tenant -- by above-market rent increases, service cutoffs, or a non-lease-breach notice to vacate -- within 180 days of a good-faith code complaint, written repair-notice, or tenant-organizing activity (a longer rebuttable-presumption window than most states surveyed). Unusual in also naming rent increases above 'fair market value' and utility-service decreases as retaliatory acts in their OWN right, not just as adverse notices to vacate -- a broader retaliatory-act definition than most states in this project. A landlord's decision not to renew at natural lease expiration is not itself retaliation. Remedies match the self-help-eviction-ban's (see edu-self-help-eviction-ban-sd) plus court-awarded attorney's fees."
edu-returned-check-fee-cap-sd,LANDLORD_EDUCATION,SD,"SDCL 57A-3-421 (as amended, SL 2024 ch 199 § 1)",CITED,VERIFIED,2026-09-07,2026-09-07,,"CORRECTED 2026-09-07 with primary text supplied by Taylor after two defects: (1) WRONG NUMBER -- the cap is $60, not $40 as originally shipped VERIFIED on the agreement of seven mutually consistent but uniformly stale secondary sources; (2) a FABRICATED PRECONDITION -- an earlier draft invented that stating the fee in the lease satisfies the statute, when the statute actually names exactly two mechanisms (conspicuous on-premises posting, or a conspicuous notice on customer statements from a business regularly extending credit), neither of which is a lease term. Liability attaches only where the payee is a 'merchant or place of business' meeting one of those two conditions, and only where the check was dishonored for closed account, insufficient funds, or insufficient credit. GENUINELY OPEN: whether a residential landlord counts as a 'merchant or place of business' at all for this statute -- if not, South Dakota may have NO statutory returned-check charge for residential rent whatsoever. CROSS-STATE NOTE: this figure coincidentally matched North Dakota's own $40 collection fee (a different statute, N.D.C.C. § 6-08-16(2)(a)) until 2024's SD amendment -- that parity is now false and was part of why the stale $40 felt independently corroborated."
edu-right-to-call-police-sd,LANDLORD_EDUCATION,SD,SDCL 43-32-18.1,CITED,VERIFIED,2026-08-23,2026-08-23,,"A landlord may not penalize a tenant for calling police or emergency assistance in response to domestic abuse, unlawful sexual behavior, or stalking -- non-waivable. Narrower in scope than Minnesota's §504B.205, which extends to any conduct including a mental-health or health crisis generally, not just DV-related calls -- a genuine scope difference, not an oversight. A landlord's-lien search (Title 44, ch. 43-32) and a last-month's-rent deposit-restriction search were also run this round without finding a hit -- both confirmed absent, consistent with SD's overall minimal-statute, lease-terms-control pattern; not committed as their own rows per this project's confirmed-absent convention."
edu-security-deposit-cap-sd,LANDLORD_EDUCATION,SD,SDCL 43-32-6.1,CITED,VERIFIED,2026-08-23,2026-08-23,,"Caps a residential security deposit at one month's rent. A larger deposit may be agreed only where 'special conditions pose a danger to the maintenance of the premises' (the statute's own phrase, undefined further by statute or located case law -- secondary sources uniformly cite pets as the example) -- a mutual-agreement exception, not a unilateral landlord right, so it should be documented as a negotiated term rather than simply charged."
edu-security-deposit-itemized-accounting-sd,LANDLORD_EDUCATION,SD,SDCL 43-32-24,CITED,VERIFIED,2026-09-07,2026-09-07,,"If the tenant requests an itemized accounting of any withheld deposit, the landlord must provide it within 45 days of tenancy termination -- a separate, longer deadline than the 21-day return/withholding-notice window (see security-deposit-return-sd). Noncompliance with the deposit-return requirements forfeits all rights to withhold any portion of the deposit; bad-faith retention (including failing to provide the required statement or accounting) exposes the landlord to punitive damages up to $200, notably low compared to other states in this project (e.g. North Dakota's treble-damages approach) -- a genuine cross-state architecture difference, not an error. CORRECTED 2026-09-07 for the same '2-week' → '21-day' amendment as security-deposit-return-sd; the 45-day accounting deadline, forfeiture rule, and $200 cap were all re-confirmed correct."
edu-self-help-eviction-ban-sd,LANDLORD_EDUCATION,SD,"SDCL 43-32-6, 2nd paragraph",CITED,VERIFIED,2026-08-23,2026-08-23,,"Bars a landlord from unlawfully removing/excluding a tenant, or willfully diminishing essential services (electric, gas, water, etc.), to force a tenant out. A tenant subjected to this may sue for an injunction, sue to recover possession, or terminate -- and in any case recover damages equal to TWO MONTHS' RENT plus return of any advance rent and deposit paid. Architecturally distinct from every other state closed in this project: the remedy sits directly inside the core landlord-tenant chapter itself (the same section as the landlord's basic quiet-enjoyment obligation) with its own specific damages measure, rather than a general Title-32-style statute (North Dakota) or a criminal-code provision (the Wyoming/Kansas pattern)."
edu-service-animal-prohibition-criminal-penalty-sd,LANDLORD_EDUCATION,SD,SDCL 20-13-23.4,CITED,VERIFIED,2026-09-07,2026-09-07,,"It is a crime for a landlord to prohibit, by lease or otherwise, a service animal for a tenant who is totally or partially physically disabled, blind, or deaf -- a Class 2 misdemeanor, and a direct restriction on lease content, not merely an unenforceable clause. This finding survived a genuinely difficult research saga worth recording: the original claim (citing the wrong section, 20-13-23.2) was withdrawn as scoped to public accommodations only, rewritten as a confirmed-ABSENCE row, and THAT absence claim was also withdrawn after a chapter-index sweep surfaced §20-13-23.4 itself -- the real housing-specific provision, on point almost verbatim with the original (substantively correct) claim. NET LESSON RECORDED: when a cited authority fails to support a claim, the next step is checking whether a DIFFERENT authority supports it, not concluding the claim itself is false -- disconfirming one citation only disconfirms that citation. SUBSTANTIVE NUANCE not previously in the library: §20-13-23.4's disability categories (physically disabled, blind, deaf) are NARROWER than the civil accommodation statute's, which a 2020 amendment broadened to include psychiatric and mental disability -- so the CRIMINAL provision appears not to reach a landlord who refuses a service animal to a tenant with a psychiatric/mental disability, even though the CIVIL duties under SDCL 43-32-33 to -36 and the federal FHA plainly do."
edu-tenancy-at-will-termination-sd,LANDLORD_EDUCATION,SD,"SDCL 43-8-8 (as amended, SL 2011 ch 197 § 1; SL 2024 ch 178 § 1); SDCL 43-8-9",CITED,VERIFIED,2026-09-07,2026-09-07,,"A landlord may terminate a residential tenancy at will on at least 15 days' written notice (reduced from 30 by a 2024 session law) -- extended to 2 months for a tenant on active military service, or their spouse or minor child, unless the tenant has engaged in sustained disruptive/illegal/destructive/negligent conduct or a material lease breach, or the landlord has sold the property or it has passed into the landlord's estate. Notice must be in writing, served on the tenant or a person of discretion on the premises, or (failing that) posted conspicuously. Sits in Title 43, Chapter 8 (general property law), not the landlord-tenant chapter -- found via a deliberate search for landlord-relevant law outside Chapter 43-32. Must not be conflated with SDCL 43-32-13's separate 30-day/15-day month-to-month MODIFICATION notice (see edu-month-to-month-modification-notice-sd) -- this section governs ending an at-will tenancy outright with no modification involved."
edu-tenant-termination-causes-sd,LEASE_CLAUSE,SD,"SDCL 43-32-19(1), 43-32-19(2)",CITED,VERIFIED,2026-08-23,2026-08-23,,"Captures South Dakota's own broader and differently-worded termination rights directly: failure to deliver possession/repair after reasonable written request (subd. 1), and material destruction of the premises by casualty (subd. 2, an all-or-nothing right with no proportional rent-abatement mechanic for partial damage -- see fire-casualty-rent-abatement-sd for an optional, non-statutory addition covering that gap). The generic `possession-delay` clause was extended to SD to cover the delayed-possession scenario mechanically, but this row states the statute's own broader rights directly rather than only through that generic clause's lens. The domestic-abuse/stalking ground (subd. 3) is handled separately by dv-lease-release-sd and cross-referenced here rather than repeated."
edu-termination-notice-scaling-sd,LANDLORD_EDUCATION,SD,SDCL 43-32-15; SDCL 43-32-4; SDCL 43-32-3,CITED,VERIFIED,2026-09-07,2026-09-07,,"Where a South Dakota tenancy runs for an unspecified term, the termination notice SCALES to the length of the term rather than being a fixed number of days: §43-32-4 presumes a lodgings tenancy runs for whatever period the parties use to set the rent (a weekly rate presumes a one-week term; non-lodgings hirings are presumed for one year under §43-32-3), and §43-32-15 requires notice at least as long as that term, capped at one month -- so a month-to-month tenancy takes about a month's notice, a week-to-week tenancy about a week's, and no unspecified-term tenancy ever needs more than a month. GENUINELY NEW ROW: the library previously carried NO termination-notice clause for any SD tenancy type except tenancy at will (15 days under §43-8-8) -- an inherited 'every tenancy is monthly' assumption meant a week-to-week SD tenancy's notice period was represented nowhere. Separate from the modification-notice mechanics of §43-32-13 and the 15-day tenancy-at-will rule of §43-8-8. A secondary-source section-number confusion (citing §43-32-14 instead of -15 for this rule) was caught and corrected -- §43-32-14 covers renewal-on-holdover (see edu-holdover-mechanics-sd), §43-32-15 supplies the notice rule and cross-references back to it."
edu-unconscionability-doctrine-sd,LANDLORD_EDUCATION,SD,"SDCL 53-9-3; SDCL Title 37, Ch. 24 (Deceptive Trade Practices and Consumer Protection Act); Rozeboom v. Nw. Bell Tel. Co., 358 N.W.2d 241 (S.D. 1984)",CITED,VERIFIED,2026-09-07,2026-09-07,,"South Dakota has no dedicated landlord-tenant statute voiding unconscionable lease clauses the way Kansas (K.S.A. 58-2544), Nebraska (§76-1412), or North Dakota (§47-16-13.3) do. Three things fill the gap instead: §53-9-3 (the same general exculpatory-clause statute behind the parking/storage-space/property-insurance clause family), the Deceptive Trade Practices Act (general deceptive/fraudulent trade practices, not a lease-specific unconscionability list), and common-law unconscionability as a backstop (South Dakota has struck a liability-limitation term as an unconscionable adhesion clause where bargaining disparity was severe, per Rozeboom, carried at secondary confidence). CORRECTED 2026-09-07: an earlier draft named only the Deceptive Trade Practices Act and common law, omitting §53-9-3 entirely -- the one statutory provision squarely on point, missed for the same reason as edu-no-prohibited-terms-list-sd's own initial gap (the search stayed confined to ch. 43-32 and Title 37-24, and never reached Title 53)."
electronic-signatures,LEASE_CLAUSE,SD,,GENERIC,VERIFIED,2026-08-23,2026-09-07,,"Generic contract-mechanics clause; SD re-audit (2026-09-07, Tier A of the L.2 exhaustive generic-clause audit) found no SD-specific statutory interaction, or self-limiting text that already defers to applicable law."
entire-agreement,LEASE_CLAUSE,SD,,GENERIC,VERIFIED,2026-08-23,2026-09-07,,"Generic contract-mechanics clause; SD re-audit (2026-09-07, Tier A of the L.2 exhaustive generic-clause audit) found no SD-specific statutory interaction, or self-limiting text that already defers to applicable law."
existing-condition,LEASE_CLAUSE,SD,,GENERIC,VERIFIED,2026-08-23,2026-09-07,,"Generic contract-mechanics clause; SD re-audit (2026-09-07, Tier A of the L.2 exhaustive generic-clause audit) found no SD-specific statutory interaction, or self-limiting text that already defers to applicable law."
fire-casualty-rent-abatement-sd,LEASE_CLAUSE,SD,,NOT_STATUTE,VERIFIED,2026-08-23,2026-08-23,,"South Dakota's own statutory casualty-termination right (SDCL 43-32-19(2)) is all-or-nothing -- it gives a termination right for material destruction, but provides no proportional rent-reduction remedy for partial damage the way KS/NE do. This clause is NOT a restatement of any statutory requirement; it is an optional, more tenant-favorable term found in a real, in-use South Dakota lease (South Dakota Achieve's residential lease, published via the SD Dept. of Human Services' HCBS-settings-rule toolkit -- a genuine professional lease product, not a template-mill sample). Committed as a RECOMMENDED optional addition, not a REQUIRED clause, since South Dakota law doesn't mandate it -- Taylor's call whether to offer it as a landlord-selectable option."
fire-safety-grilling,LEASE_CLAUSE,SD,,GENERIC,VERIFIED,2026-08-23,2026-09-07,,"Generic contract-mechanics clause; SD re-audit (2026-09-07, Tier A of the L.2 exhaustive generic-clause audit) found no SD-specific statutory interaction, or self-limiting text that already defers to applicable law."
governing-law,LEASE_CLAUSE,SD,,GENERIC,VERIFIED,2026-08-23,2026-09-07,,"Generic contract-mechanics clause; SD re-audit (2026-09-07, Tier A of the L.2 exhaustive generic-clause audit) found no SD-specific statutory interaction, or self-limiting text that already defers to applicable law."
guest-policy,LEASE_CLAUSE,SD,,GENERIC,VERIFIED,2026-08-23,2026-09-07,,"Generic contract-mechanics clause; SD re-audit (2026-09-07, Tier A of the L.2 exhaustive generic-clause audit) found no SD-specific statutory interaction, or self-limiting text that already defers to applicable law."
guest-policy-day-limit,LEASE_CLAUSE,SD,,GENERIC,VERIFIED,2026-08-23,2026-09-07,,"Generic contract-mechanics clause; SD re-audit (2026-09-07, Tier A of the L.2 exhaustive generic-clause audit) found no SD-specific statutory interaction, or self-limiting text that already defers to applicable law."
hoa-compliance,LEASE_CLAUSE,SD,,GENERIC,VERIFIED,2026-08-23,2026-09-07,,"Generic contract-mechanics clause; SD re-audit (2026-09-07, Tier A of the L.2 exhaustive generic-clause audit) found no SD-specific statutory interaction, or self-limiting text that already defers to applicable law."
holdover-sd,LEASE_CLAUSE,SD,SDCL 43-32-14,CITED,VERIFIED,2026-09-07,2026-09-07,holdover,"Supersedes the generic `holdover` clause, which promises 'holdover damages in the maximum amount permitted by applicable law' -- South Dakota has NO holdover damages multiplier at all (no double rent, no per-diem penalty), so that phrase resolves to zero in SD, the inverse of the usual defect: not a misstated rule, but a clause whose operative term is null in this jurisdiction. Replaced with SDCL 43-32-14's actual mechanic: if a holdover tenant remains and the landlord accepts rent, the parties are presumed to have renewed on the SAME terms for the SAME time (not exceeding one year) -- not a month-to-month fallback, which the generic's own fallback language would have gotten wrong for SD too. The renewed term's own termination notice then scales per SDCL 43-32-15 (see edu-termination-notice-scaling-sd)."
inspection-rights,LEASE_CLAUSE,SD,,GENERIC,VERIFIED,2026-08-23,2026-09-07,,"Generic contract-mechanics clause; SD re-audit (2026-09-07, Tier A of the L.2 exhaustive generic-clause audit) found no SD-specific statutory interaction, or self-limiting text that already defers to applicable law."
joint-liability,LEASE_CLAUSE,SD,,GENERIC,VERIFIED,2026-08-23,2026-09-07,,"Generic contract-mechanics clause; SD re-audit (2026-09-07, Tier A of the L.2 exhaustive generic-clause audit) found no SD-specific statutory interaction, or self-limiting text that already defers to applicable law."
keys,LEASE_CLAUSE,SD,,GENERIC,VERIFIED,2026-08-23,2026-09-07,,"Generic contract-mechanics clause; SD re-audit (2026-09-07, Tier A of the L.2 exhaustive generic-clause audit) found no SD-specific statutory interaction, or self-limiting text that already defers to applicable law."
landlord-maintenance-sd,LEASE_CLAUSE,SD,SDCL 43-32-8,CITED,VERIFIED,2026-09-07,2026-09-07,landlord-maintenance,"Supersedes the generic `landlord-maintenance` clause (tagged CO only), which opens by subordinating the landlord's duty to the tenant's own maintenance obligations -- a real problem in SD, where §43-32-8 allocates the repair duty to the landlord and states expressly that the parties MAY NOT waive or modify that section's requirements; a clause making the landlord's duty subject to the tenant's obligations is arguably itself a prohibited modification. Drafted to track the statute's own language, stating the non-waiver and the repairs-in-lieu-of-rent exception on the face of the clause, and preserving (without restating) the SDCL 43-32-9 remedies (repair-and-deduct, vacate-and-discharge, or rent escrow for repairs exceeding one month's rent)."
landlords-access-sd,LEASE_CLAUSE,SD,SDCL 43-32-32,CITED,VERIFIED,2026-09-07,2026-09-07,landlords-access,"Supersedes the generic `landlords-access` clause, withheld from SD because the generic carries only a flat 24-hour period and none of §43-32-32's four MANDATORY notice-content elements (date(s) of entry, a period during normal business hours, the purpose of entry, and a means for the tenant to request rescheduling) -- tagging the generic as-is would have shipped an SD entry clause omitting every element SD actually requires. SD's 24 hours is a PRESUMPTION of reasonableness, not a floor -- the statute allows the lease itself to set alternate mutually-agreed methods or timing, hence 'presumed reasonable' rather than 'at least' in the drafted text."
landscaping-irrigation,LEASE_CLAUSE,SD,,GENERIC,VERIFIED,2026-08-23,2026-09-07,,"Generic contract-mechanics clause; SD re-audit (2026-09-07, Tier A of the L.2 exhaustive generic-clause audit) found no SD-specific statutory interaction, or self-limiting text that already defers to applicable law."
late-fee,LEASE_CLAUSE,SD,,GENERIC,VERIFIED,2026-08-23,2026-09-07,,"South Dakota sets no statutory late-fee cap and no mandatory grace period (confirmed: full read of ch. 43-32 contains no late-fee provision), so the landlord-set {{late_fee_grace_days}}/{{late_fee_amount}} fields create no conflict; the non-waiver sentence is also safe, since SD has no waiver-by-acceptance rule of the Nebraska §76-1433 / Kansas 'without reservation' type (see edu-late-rent-waiver-absence-sd). MATERIAL GAP CLOSED by tagging SD onto this clause: South Dakota previously had NO late-fee clause of any kind in the library, and because SD law leaves late fees entirely to the lease, an SD lease generated without this clause could not charge a late fee at all."
lead-based-paint,LEASE_CLAUSE,SD,,GENERIC,VERIFIED,2026-08-23,2026-09-07,,Generic mechanics for SD; the Lead Warning Statement text itself was corrected to verbatim federal language (40 CFR 745.113(b)(1)) during a Colorado session and inherited here as a uniform federal fix. SD was actually MISSING this REQUIRED federal disclosure entirely until the 2026-09-06/07 re-audit found neither ND nor SD had ever been tagged despite the consolidated checklist asserting 'Present (federal)' for both. SD's absence of a state lead-disclosure layer on top of the federal rule was assumed from ND's parallel posture and then independently confirmed in SD's own session.
meth-disclosure-sd,LEASE_CLAUSE,SD,SDCL 43-32-30,CITED,VERIFIED,2026-08-23,2026-08-23,,"Actual-knowledge standard (not a duty to investigate), same pattern already seen for Virginia and California's own meth-disclosure clauses in this library. South Dakota's version is unusual in explicitly limiting the disclosure to the specific affected unit in a multi-unit property -- not present in the VA/CA language already on hand."
no-alterations,LEASE_CLAUSE,SD,,GENERIC,VERIFIED,2026-08-23,2026-09-07,,"Generic contract-mechanics clause; SD re-audit (2026-09-07, Tier A of the L.2 exhaustive generic-clause audit) found no SD-specific statutory interaction, or self-limiting text that already defers to applicable law."
no-disturbance,LEASE_CLAUSE,SD,,GENERIC,VERIFIED,2026-08-23,2026-09-07,,"Generic contract-mechanics clause; SD re-audit (2026-09-07, Tier A of the L.2 exhaustive generic-clause audit) found no SD-specific statutory interaction, or self-limiting text that already defers to applicable law."
no-sublet-assign,LEASE_CLAUSE,SD,SDCL 43-32-20,CITED,VERIFIED,2026-09-07,2026-09-07,,"Read in full: the statute extends the lessor's remedies to the lessee's assignees (excepting a security-for-a-loan assignment unaccompanied by possession), but governs only the CONSEQUENCES of an assignment -- it does not restrict a landlord's right to withhold consent and imposes no reasonableness standard, so the generic clause's 'sole discretion' language creates no conflict."
notice-and-cure-sd,LANDLORD_EDUCATION,SD,"SDCL 21-16-2 (repealed, SL 2024 ch 75 § 1)",CITED,VERIFIED,2026-09-07,2026-09-07,,"South Dakota law gives a landlord broad discretion over whether, and how much, cure opportunity a tenant gets before eviction -- there is no statutory requirement to offer one, for nonpayment or an ordinary lease violation, following the 2024 repeal of the state's prior notice-to-quit requirement. Whether to give written notice and a set cure window is therefore a case-by-case enforcement decision, not a fixed lease term -- confirmed by a real, in-use South Dakota lease (South Dakota Achieve's) reviewed for this project, whose own default/eviction section defers entirely to SDCL Ch. 21-16 with no separate cure mechanism built in. PULLED FROM THE ACTIVE LEASE-CLAUSE SET on Taylor's own review: an earlier version of this content was drafted as a REQUIRED lease clause with bracket-fillable cure-period day counts, but Taylor's challenge -- that eviction/cure mechanics are procedural, enforcement-time behavior rather than a term the parties agree to at signing, closer to Nebraska's reservation-of-rights finding than to a substantive lease term -- was correct and confirmed by the real South Dakota lease's own silence on the point. Recorded here as a Legal Tracker feature candidate (a landlord-facing consistency reminder) rather than lease text; default-by-tenant-sd was revised in the same pass to stop referencing a lease section that no longer exists."
notices,LEASE_CLAUSE,SD,,GENERIC,VERIFIED,2026-08-23,2026-09-07,,"Generic contract-mechanics clause; SD re-audit (2026-09-07, Tier A of the L.2 exhaustive generic-clause audit) found no SD-specific statutory interaction, or self-limiting text that already defers to applicable law."
parking,LEASE_CLAUSE,SD,,GENERIC,VERIFIED,2026-08-23,2026-09-07,,"Exculpatory-family clause (with storage-space, tenants-property-insurance -- pet-policy split off into its own pet-policy-sd override). Enforceable for ordinary negligence under South Dakota's general exculpatory-clause doctrine, SDCL 53-9-3 (South Dakota's counterpart to N.D.C.C. 9-08-02, so the ground ND used to extend this same clause family TRANSFERS to SD rather than being defeated) -- void as to willful injury. See edu-exculpatory-clause-limit-sd."
parking-vehicle-rules,LEASE_CLAUSE,SD,,GENERIC,VERIFIED,2026-08-23,2026-09-07,,"Generic contract-mechanics clause; SD re-audit (2026-09-07, Tier A of the L.2 exhaustive generic-clause audit) found no SD-specific statutory interaction, or self-limiting text that already defers to applicable law."
permitted-occupants,LEASE_CLAUSE,SD,,GENERIC,VERIFIED,2026-08-23,2026-09-07,,"Generic contract-mechanics clause; SD re-audit (2026-09-07, Tier A of the L.2 exhaustive generic-clause audit) found no SD-specific statutory interaction, or self-limiting text that already defers to applicable law."
pet-insurance-requirement,LEASE_CLAUSE,SD,,GENERIC,VERIFIED,2026-08-23,2026-09-07,,"Generic contract-mechanics clause; SD re-audit (2026-09-07, Tier A of the L.2 exhaustive generic-clause audit) found no SD-specific statutory interaction, or self-limiting text that already defers to applicable law."
pet-policy-sd,LEASE_CLAUSE,SD,SDCL 53-9-3; SDCL 43-32-32; SDCL 43-32-6,CITED,VERIFIED,2026-09-07,2026-09-07,pet-policy,"Supersedes the generic `pet-policy` (CO;WY;ND) with two narrow changes. (1) Struck the phrase 'without liability to Tenant' from the pet entry-and-remove right: §53-9-3 voids any contract term exempting a party from responsibility for a violation of law, willful or negligent, and a blanket no-liability exemption reaches the tail cases where an entry-and-remove isn't clearly lawful -- and an unlawful entry in SD is expensive (§43-32-6 gives the tenant two months' rent plus return of advance rent/deposit). (2) Tied the pet clause's entry right to the lease's own Access & Entry section (landlords-access-sd) rather than granting a second, inconsistent entry right that mentioned none of §43-32-32's four mandatory notice elements -- a drafting-consistency fix independent of the statute. ASSESSMENT SELF-CORRECTED IN THE SAME PASS: the risk was originally overstated as a clear statutory violation; on closer reading the enumerated entry grounds (a vicious or severely ill animal) are mostly genuine emergencies that §43-32-32 itself exempts from notice, so the real exposure is confined to the narrower non-emergency tail. CROSS-STATE CANDIDATE, not acted on: North Dakota's N.D.C.C. § 9-08-02 is the direct counterpart to § 53-9-3, so the same fix plausibly applies to ND's own generic-tagged pet-policy -- flagged for ND's next pass, not inherited as a conclusion."
possession-delay,LEASE_CLAUSE,SD,SDCL 43-32-19(1),CITED,VERIFIED,2026-09-07,2026-09-07,,"Gives the tenant a termination right for the landlord's failure to deliver possession/repair after a reasonable written request -- an open 'reasonable time' standard, not a fixed number of days. This generic clause's 30-day figure is a contract term the parties are free to adopt (more certain than the open statutory standard, not in conflict with it), not a restatement of the statute itself -- cross-reference edu-tenant-termination-causes-sd for the underlying statutory right, flagged specifically to avoid confusing the two."
rent-payment,LEASE_CLAUSE,SD,,GENERIC,VERIFIED,2026-08-23,2026-09-07,,"Generic contract-mechanics clause; SD re-audit (2026-09-07, Tier A of the L.2 exhaustive generic-clause audit) found no SD-specific statutory interaction, or self-limiting text that already defers to applicable law."
residential-use-only,LEASE_CLAUSE,SD,,GENERIC,VERIFIED,2026-08-23,2026-09-07,,"Generic contract-mechanics clause; SD re-audit (2026-09-07, Tier A of the L.2 exhaustive generic-clause audit) found no SD-specific statutory interaction, or self-limiting text that already defers to applicable law."
returned-payments,LEASE_CLAUSE,SD,,GENERIC,VERIFIED,2026-08-23,2026-09-07,,"Generic mechanics; a 2026-09-03 shared-clause pass replaced this clause's unbounded 'any fee associated with the failed payment' with a self-limiting 'not to exceed the maximum amount permitted by applicable law,' which is why the clause survived South Dakota's own 2024 amendment to its returned-check fee cap (SDCL 57A-3-421, $40 to $60) without needing an edit -- see edu-returned-check-fee-cap-sd for the clause-agnostic figure this deferral protects against."
security-deposit-return-sd,LEASE_CLAUSE,SD,SDCL 43-32-24 (as amended by SL 2026 ch 179 § 1),CITED,VERIFIED,2026-09-07,2026-09-07,security-deposit-return,"21-day return/withholding-notice deadline (amended from 2 weeks to 21 days effective 2026-07-01), running from termination PLUS receipt of the tenant's forwarding address or delivery instructions -- not from termination alone, a more explicit trigger than most states in this project use. A separate, longer 45-day itemized-accounting-on-request deadline applies (see edu-security-deposit-itemized-accounting-sd). Noncompliance forfeits all withholding rights (matching ND's architecture) plus separate punitive-damages exposure for bad-faith retention, capped at $200 -- kept out of tenant-facing clause text as a landlord-facing liability fact rather than lease terms. No deposit-interest requirement exists in SD (unlike MN/ND) -- confirmed absent, not a product gap for this state. CORRECTED 2026-09-07: the clause had shipped VERIFIED with the pre-amendment 'two weeks' figure; caught only after two failed retrieval attempts escalated to Taylor for primary text, since the stale figure happened to be tenant-favorable (a shorter deadline than current law allows) and so wouldn't have been caught by the project's usual 'extra scrutiny where stale text is landlord-favorable' heuristic."
security-deposit-use,LEASE_CLAUSE,SD,SDCL 43-32-6.1,CITED,VERIFIED,2026-08-23,2026-08-23,,"The deposit-application concept (a deposit secures performance of the rental agreement) is compatible with this clause's existing self-limiting language (default/damage beyond wear-and-tear, not preexisting conditions) -- no SD-specific override needed for the use/application language itself; return mechanics are handled separately by security-deposit-return-sd."
services-utilities-provided,LEASE_CLAUSE,SD,,GENERIC,VERIFIED,2026-08-23,2026-09-07,,"Generic contract-mechanics clause; SD re-audit (2026-09-07, Tier A of the L.2 exhaustive generic-clause audit) found no SD-specific statutory interaction, or self-limiting text that already defers to applicable law."
severability,LEASE_CLAUSE,SD,,GENERIC,VERIFIED,2026-08-23,2026-09-07,,"Generic contract-mechanics clause; SD re-audit (2026-09-07, Tier A of the L.2 exhaustive generic-clause audit) found no SD-specific statutory interaction, or self-limiting text that already defers to applicable law."
smoking-policy,LEASE_CLAUSE,SD,,GENERIC,VERIFIED,2026-08-23,2026-09-07,,"Generic contract-mechanics clause; SD re-audit (2026-09-07, Tier A of the L.2 exhaustive generic-clause audit) found no SD-specific statutory interaction, or self-limiting text that already defers to applicable law."
snow-removal,LEASE_CLAUSE,SD,,GENERIC,VERIFIED,2026-08-23,2026-09-07,,"Generic contract-mechanics clause; SD re-audit (2026-09-07, Tier A of the L.2 exhaustive generic-clause audit) found no SD-specific statutory interaction, or self-limiting text that already defers to applicable law."
storage-space,LEASE_CLAUSE,SD,,GENERIC,VERIFIED,2026-08-23,2026-09-07,,"Exculpatory-family clause (with parking, tenants-property-insurance): same 53-9-3 ceiling as `parking` -- enforceable for ordinary negligence, void as to willful injury."
surrender-end-of-term,LEASE_CLAUSE,SD,,GENERIC,VERIFIED,2026-08-23,2026-09-07,,"Generic contract-mechanics clause; SD re-audit (2026-09-07, Tier A of the L.2 exhaustive generic-clause audit) found no SD-specific statutory interaction, or self-limiting text that already defers to applicable law."
tenant-maintenance,LEASE_CLAUSE,SD,SDCL 43-32-10,CITED,VERIFIED,2026-09-07,2026-09-07,,"Imposes a matching duty ('the lessee shall preserve the premises... and repair all deteriorations or damage thereto occasioned by his negligent, willful or malicious conduct') with no non-waiver clause of its own (unlike §43-32-8's landlord-side duty), so no conflict with this clause's generic language. Interaction confirmed: §43-32-8 puts the repair duty on the landlord except for tenant-caused disrepair, and that allocation is non-waivable, so this clause's 'same condition as delivered' language must be read as a surrender covenant rather than a shift of the landlord's own duty -- landlord-maintenance-sd states the landlord's side expressly so the pair can't be read as a prohibited shift."
tenants-property-insurance,LEASE_CLAUSE,SD,,GENERIC,VERIFIED,2026-08-23,2026-09-07,,"Exculpatory-family clause (with parking, storage-space): SD's lack of an enumerated prohibited-provisions statute (verified this session against the full ch. 43-32 index) is the same ground that let North Dakota's copy of this clause stay generic, so it transfers to SD -- ceiling is SDCL 53-9-3. See edu-exculpatory-clause-limit-sd."
utilities-paid-by-landlord,LEASE_CLAUSE,SD,,GENERIC,VERIFIED,2026-08-23,2026-09-07,,"Generic contract-mechanics clause; SD re-audit (2026-09-07, Tier A of the L.2 exhaustive generic-clause audit) found no SD-specific statutory interaction, or self-limiting text that already defers to applicable law."
utilities-responsibility,LEASE_CLAUSE,SD,,GENERIC,VERIFIED,2026-08-23,2026-09-07,,"Generic contract-mechanics clause; SD re-audit (2026-09-07, Tier A of the L.2 exhaustive generic-clause audit) found no SD-specific statutory interaction, or self-limiting text that already defers to applicable law."
utility-payment-evidence,LEASE_CLAUSE,SD,,GENERIC,VERIFIED,2026-08-23,2026-09-07,,"Generic contract-mechanics clause; SD re-audit (2026-09-07, Tier A of the L.2 exhaustive generic-clause audit) found no SD-specific statutory interaction, or self-limiting text that already defers to applicable law."
utility-service-continuity,LEASE_CLAUSE,SD,,GENERIC,VERIFIED,2026-08-23,2026-09-07,,"Generic contract-mechanics clause; SD re-audit (2026-09-07, Tier A of the L.2 exhaustive generic-clause audit) found no SD-specific statutory interaction, or self-limiting text that already defers to applicable law."
