topic_key,question,source
NEW:algorithmic-rent-setting,Algorithmic rent-setting ban,checklist line 1303
NEW:fees-as-rent,"Fees as ""additional rent"" only by express lease wording; never for Section 8/public housing",checklist line 1289
NEW:fees-as-rent,"Fees count as rent if the lease designates them (statutory, not case law)",checklist line 1493
NEW:landlord-self-cure,Landlord's right to cure a tenant's breach and bill the cost as rent (URLTA §4.105-style),checklist line 216
NEW:lease-completeness,Written lease must have all blank spaces completed; failure is a material noncompliance,checklist line 1675
NEW:quiet-possession,Statutory covenant of quiet possession,checklist line 248
NEW:statutory-forms,Statutory forms the state supplies verbatim,checklist line 490
NEW:tenant-security-cameras,Tenant-installed security cameras and video doorbells,checklist line 810
abandoned-property,Abandoned-property disposal procedure,checklist line 88
abandoned-property,Disposition of Personal Property Landlord and Tenant Act (free-standing abandoned-property chapter),checklist line 117
abandoned-property,"Landlord's duty to re-let after abandonment, and deemed termination if they don't",checklist line 203
abandoned-property,Two-track abandoned-property procedure keyed to STORAGE LOCATION,checklist line 486
abandoned-property,Lease legend that waives the landlord's abandoned-property duties (printed or stamped),checklist line 1475
abandoned-property,Optional (safe-harbor) abandoned-property procedure; skipping it leaves general law,checklist line 1488
abandoned-property,Attorney tenant's client files left behind: notice to the State Bar before destruction,checklist line 2143
abandoned-property,Abandonment deemed after seven consecutive days without electric service,checklist line 3260
abandoned-property,"The lease controls over the statutory abandoned-property procedure, except the protection-from-abuse hold",checklist line 3591
abandoned-property,Abandoned property held 30 days after an executed order for possession when the landlord knows of a protection-from-abuse order,checklist line 3592
abandonment-and-mitigation,"Lease stays enforceable for rent for the remaining term despite notice or filing, alongside a mitigation duty",checklist line 2670
acceptable-payment-methods,Payment-method fee ban (distinct from returned-check fee cap),checklist line 127
acceptable-payment-methods,Digital rent payment platforms,checklist line 239
acceptable-payment-methods,Landlord may not require electronic rent payment,checklist line 1292
alarm-duties,Smoke detector supply/install/maintain duty,checklist line 105
alarm-duties,Carbon monoxide alarm requirement,checklist line 106
alarm-duties,Smoke-detector statute's evidentiary and insurance shields,checklist line 404
alarm-duties,"Alarm PLACEMENT may live in the electrical code, not the statute",checklist line 580
alarm-duties,Carbon-monoxide alarms,checklist line 1006
alarm-duties,Tenant maintains smoke detectors by statute; landlord must give written notice of the tenant's duty,checklist line 1685
alarm-duties,"The tenant, not the landlord, carries the statutory smoke-detector maintenance fine",checklist line 1904
alt-housing,"Relocation/alternate-housing duty is tenant-request-triggered, not automatic",checklist line 141
appliances-excluded,Appliances present are presumed landlord-supplied unless the lease specifically excludes them; essential-service appliances cannot be excluded,checklist line 2396
application-fees,Rental application / tenant screening fairness act,checklist line 114
application-fees,Application-fee refund if unused; no fee for a minor household member,checklist line 951
application-fees,Application fee cap with annual CPI adjustment,checklist line 1301
application-of-payments,Statutory order of applying a tenant's payment,checklist line 247
assistance-animal-accommodation,Criminal penalty for service-animal misrepresentation,checklist line 98
assistance-animal-accommodation,Trained service animal: independent state basis,checklist line 144
assistance-animal-accommodation,ESA specifically: independent state basis,checklist line 145
assistance-animal-accommodation,Citation-existence screen — does the cited section actually exist?,checklist line 158
assistance-animal-accommodation,A correct citation can still be described wrongly,checklist line 159
assistance-animal-accommodation,ESA independent state basis — WY resolved PRESENT,checklist line 160
assistance-animal-accommodation,Does the state extend rights into housing but NOT the verification procedure or penalty?,checklist line 397
assistance-animal-accommodation,Do the animal carve-out and the fair-housing carve-out ALIGN?,checklist line 448
assistance-animal-accommodation,"Assistance/service animal accommodation (documentation limits, fee prohibition)",checklist line 701
assistance-animal-accommodation,Assistance/service animal — documentation limits,checklist line 757
assistance-animal-accommodation,Assistance/service animal — fee prohibition & penalty,checklist line 758
assistance-animal-accommodation,"Service-animal species limit applies only to public accommodations, not housing",checklist line 1483
assistance-animal-accommodation,Landlord immunity for injuries caused by a permitted purported assistance animal,checklist line 1679
assistance-animal-accommodation,State assistance-animal definition expressly covers untrained emotional-support animals,checklist line 1680
assistance-animal-accommodation,State service-dog housing statute expressly EXCLUDES emotional-support dogs and makes misrepresentation a crime,checklist line 1905
assistance-animal-accommodation,"Statutory service-animal housing right with no direct-threat limit and no species limit, proved by a state registration tag OR a showing of training",checklist line 2141
assistance-animal-accommodation,Statutory ESA questions and documentation standard inside the state fair-housing law,checklist line 2398
assistance-animal-accommodation,Housing service-animal right excludes renting one room in a single-family home and allows only a vaccination-proof request,checklist line 3268
assistance-animal-accommodation,ESA documentation may come only from the person's own medical provider,checklist line 3269
attorney-fees,"Mandatory bold tenant-reciprocity sentence in any lease attorney-fee clause (implied reciprocal covenant, non-waivable)",checklist line 1288
attorney-fees,"Statute voids any lease fee for an eviction or money-owed complaint other than a closed list, and caps the landlord's attorneys' fees at a percentage (no reciprocity)",checklist line 2134
bed-bug-disclosure,Bed bug disclosure/treatment-timeline requirement,checklist line 36
bed-bug-disclosure,Bed bug disclosure / treatment,checklist line 996
bed-bug-disclosure,Bedbug and similar exclusions keyed to a 'single family residence' definition that includes attached units,checklist line 1701
cannabis,"Medical-cannabis cardholder may not be refused a lease or penalised for cardholder status; landlord may impose ""reasonable restrictions"" on a *resident's* medical use; cultivation expressly bannable",checklist line 198
cannabis,Medical or recreational cannabis legalisation vs. a lease's criminal-activity enforcement theory,checklist line 221
casualty-termination,Fire/casualty damage — tenant termination or rent-reduction right,checklist line 83
casualty-termination,Adjacent-title casualty rule,checklist line 730
casualty-termination,Casualty: landlord must allow belongings retrieval or give a date,checklist line 1484
casualty-termination,Casualty does NOT abate rent by statute unless the landlord caused it,checklist line 1902
casualty-termination,Casualty surrender right that the lease can displace,checklist line 2149
children-occupancy,Lease must address occupancy by children (required-content list),checklist line 952
cold-weather-vacate-notice,Cold-weather notice before vacating,checklist line 233
common-area-use,Statutory flotation-bedding right that a shared rules clause blocks,checklist line 1479
condemned-premises-rent-bar,Bar on collecting rent after condemnation or a vacate order,checklist line 236
condition-inspection,"Move-in written inventory requirement (joint, signed, fixed timeframe)",checklist line 40
condition-inspection,Does the state's inspection statute impose a NOTICE duty distinct from the inspection itself?,checklist line 485
condition-inspection,Required state disclosures (full list),checklist line 760
condition-inspection,Damage lists must carry a written notice of the tenant's duty to sign or dissent; a tenant who signs or fails to dissent specifically loses the claim,checklist line 1899
confession-of-judgment,"Court rules, not statute, abolish confessed ejectment for residential leases and set the supersedeas amount on appeal",checklist line 3600
confirmed-absences-outside-title,Squatter or unauthorized-occupant specific remedy,checklist line 224
confirmed-absences-outside-title,Cash rent payment receipt duty,checklist line 483
confirmed-absences-outside-title,Landlord registration as a precondition to a possession judgment,checklist line 1287
construction-liens,A lease clause (recorded) keeps construction liens for tenant improvements off the landlord's interest; a lease that consents to alterations can otherwise expose it,checklist line 1494
conversion-notice,"Lease clause that must be the FIRST clause (conversion statement, capitals)",checklist line 1294
conversion-notice,Condominium conversion: 90 days' notice and tenant right of first refusal,checklist line 2152
criminal-activity,"Fast-track eviction for violent crime/drug sale, no cure right",checklist line 89
criminal-activity,Permitting drug abuse on the premises is a crime,checklist line 229
criminal-activity,Mandatory eviction as a landlord DUTY,checklist line 723
criminal-activity,Statute expressly permits an owner's crime-free lease addendum (associations may not bar it) and lets a city require crime-free program participation,checklist line 1688
criminal-activity,"Third parties (a tenant organization, the district attorney, or the Attorney General at a district attorney's request) may bring an expedited eviction of drug-involved tenants",checklist line 3601
criminal-activity,Failing to make reasonable efforts to eject a tenant who uses the premises for prostitution is a crime,checklist line 3602
cure-and-eviction-grounds,Tenant notice-and-cure: two tracks with different periods,checklist line 231
default-by-tenant,Attorney-fee-shifting rule,checklist line 59
default-by-tenant,Tenant noncompliance notice-and-cure mechanics (material breach),checklist line 86
default-by-tenant,Direct contractual termination rights outside the eviction process,checklist line 125
default-by-tenant,Attorney-fee reciprocity — is mutual language required or voluntary?,checklist line 162
default-by-tenant,Landlord duty to mitigate on early termination,checklist line 488
default-by-tenant,A shared cure promise forfeits a statutory no-cure termination,checklist line 1471
default-by-tenant,"A lease may not make the tenant pay the landlord's attorney's fees OR costs of collection, and knowingly enforcing a banned term costs up to a month's rent",checklist line 3256
default-by-tenant,No breach may be cured more than twice in 12 months without the landlord's written consent; a repeat within six months is noncurable,checklist line 3259
deposit-escheat,Escheat: the landlord is a statutory HOLDER with day-rate penalties,checklist line 576
deposit-escheat,Dormancy charge as a lease-drafting hook,checklist line 577
deposit-escheat,Private escheat bar as a lease-content restriction — a clause forfeiting an unclaimed deposit to the landlord,checklist line 1145
deposit-escheat,Security deposit refunds are unclaimed property with a 3-year dormancy,checklist line 1686
deposit-escheat,An undeliverable mailed deposit refund becomes the landlord's property after 90 days,checklist line 1907
deposit-escheat,Landlord may keep a deposit refund the tenant does not respond to within 60 days of the refund notice,checklist line 2662
deposit-installments,Deposit installment-payment right,checklist line 50
deposit-installments,Deposit installment right,checklist line 998
deposit-last-month-rent,Last-month's-rent deposit-application restriction,checklist line 51
disability-accommodation,General reasonable-accommodation duty,checklist line 759
disability-accommodation,Interest-bearing account for a disability-modification restoration deposit,checklist line 985
double-letting,Double-letting of a room prohibited (rent-abatement remedy),checklist line 124
double-letting,Double-letting,checklist line 999
dv-lease-termination,Domestic violence/sexual assault/trafficking/stalking housing protections,checklist line 95
dv-lease-termination,Does one tenant's protected-status termination end the lease for ALL tenants?,checklist line 489
dv-lease-termination,Does the state's DV definition limit the PERPETRATOR class?,checklist line 575
dv-lease-termination,"DV termination only where the abuser is a co-leaseholder, with a landlord 5-day termination against a perpetrator left as sole tenant",checklist line 2397
early-termination,"Early-termination fee only by separate signed addendum, capped at 2 months' rent",checklist line 1473
emergency-assistance-right,Right to call police / emergency services (non-waivable),checklist line 97
employee-screening,Background screening of apartment employees,checklist line 1486
entire-agreement,"Statute lets the landlord amend existing leases by written notice to comply with new laws, which a shared 'signed writing only' clause can give up",checklist line 1689
environmental-event-termination,Environmental-event lease termination as an opt-in landlord right,checklist line 138
ev-charging,EV charging access right,checklist line 99
ev-charging,Tenant EV-charging right,checklist line 1000
eviction-process,For-cause eviction protection after 12 months' tenancy,checklist line 79
eviction-process,Nonpayment pay-or-quit notice mechanics,checklist line 87
eviction-process,"Tenant counterclaim and pay-into-court in the possession action, with a landlord bad-faith fee award",checklist line 223
eviction-process,Writ execution timing constraints that govern turnover,checklist line 519
eviction-process,Only the legislature may modify eviction procedure (preempts local and most judicial changes),checklist line 1138
eviction-process,Courts and agencies barred from requiring a mandatory or technical notice or pleading form,checklist line 1692
eviction-process,No stay of an ejectment on appeal unless the tenant files a rent affidavit,checklist line 2400
eviction-process,"Private eviction servers barred from broadcasting video of service or execution; $25,000 statutory damages",checklist line 2669
eviction-process,Federal-shutdown continuance for federal employee and contractor tenants,checklist line 2960
eviction-process,"Wage attachment for a residential-lease judgment, capped at 10% of net pay, barred against an abuse victim for the abuser's damage",checklist line 3598
eviction-record-sealing,Eviction record sealing,checklist line 128
eviction-record-sealing,Eviction record sealing / expungement — and the landlord's right to OBJECT,checklist line 402
eviction-record-sealing,Eviction records removed from public indexes after seven years,checklist line 2401
eviction-record-sealing,Automatic expungement of dismissed eviction cases,checklist line 2959
eviction-service-party,Lease may name a person to accept eviction court papers,checklist line 2665
extended-absence-notice,Tenant duty to give notice of an extended absence,checklist line 193
extended-absence-notice,Tenant duty to give notice of an extended absence (URLTA-style),checklist line 1699
fair-housing,Fair housing protected classes (any state additions beyond federal),checklist line 42
fair-housing,Housing anti-discrimination duty — check the EXEMPTIONS separately from the duty,checklist line 399
fair-housing,"Does the advertising ban SURVIVE the exemptions, or is it subject to them?",checklist line 447
fair-housing,Fair-housing election right running to the RESPONDENT,checklist line 726
fair-housing,Landlord sexual harassment of a tenant or applicant is a crime,checklist line 2151
fee-in-lieu-of-deposit,Fee in lieu of a security deposit (insurance-backed; right to switch to a deposit),checklist line 1133
fee-in-lieu-of-deposit,No-deposit lease: notice before reporting a damage claim to a credit bureau or collector,checklist line 1134
fee-in-lieu-of-deposit,Deposit-alternative fee program with offer-to-all and credit-reporting protections,checklist line 1489
fee-transparency,Rental-fee transparency / all-in-pricing law (Honest Pricing Act analog),checklist line 62
fee-transparency,"Lease-text all-in rent figure — rent must appear as one figure including every mandatory fee, wherever stated in the lease (distinct from CO's advertising-only rule)",checklist line 943
fee-transparency,Fee disclosure on the lease's first page under a verbatim statutory sentence,checklist line 2945
fire-sprinkler-duty,Fire sprinkler retrofit duty,checklist line 241
fire-sprinkler-duty,Fire sprinklers in rentals,checklist line 1696
firearms,Firearms restrictions in a private lease,checklist line 195
firearms,Lease firearm restriction unenforceable against a licensee,checklist line 226
firearms,Firearm possession protection in rentals,checklist line 1130
flood-disclosure,"Flood disclosure as a separate signed 12-point rider on a state model form, with a tenant termination remedy",checklist line 1296
foreclosure,"Tenant protection at foreclosure — disclosure duty, lease survival",checklist line 214
foreclosure,"Tenant protections after a foreclosure sale of a ≤4-unit home (60-day notice, lease binds buyer, no eviction record)",checklist line 984
foreclosure-disclosure,A dormant row asserting a self-repealed statute,checklist line 805
foreign-ownership,Foreign-adversary property ownership restriction,checklist line 215
foreign-ownership,"Foreign-ownership restriction with a lease-duration carve-out — a ban on certain foreign persons acquiring real-property interests that exempts only leaseholds under one year, so a 12-month lease falls inside it, and a violating leasehold is void",checklist line 1143
governmental-fines,Ban on passing governmental fines to tenants unless the tenant caused the condition,checklist line 1140
guarantor-renewal,Guarantor liability limited to the original term unless the lease states renewal terms,checklist line 1132
guest-rights,"Guest and supplier rights in 3+-household buildings, not waivable, no fee",checklist line 3596
health-district-rental-rules,Landlord must provide health-district rental regulations on request; tenant referral to the health district,checklist line 957
heating,Heat cannot be shifted to a tenant except by written agreement for separately billed equipment,checklist line 1297
hoa,"Association approval of leases: approval fee capped per applicant, and an association-held lessee deposit",checklist line 1495
hoa,Association may demand that the tenant pay rent to it when the owner is delinquent; the tenant is immune from the landlord's claim,checklist line 1496
hoa,HOA rental restriction binds only owners who buy after it or consent,checklist line 1497
hoa,Association limits on tenant information and rental fees,checklist line 1682
hoa-compliance,Satellite dishes and over-the-air antennas,checklist line 811
holding-deposit,Pre-lease holding deposit — inside or outside the security-deposit statute,checklist line 211
holding-deposit,Holding deposits and money taken before the lease,checklist line 809
holding-deposit,Holding deposit or earnest money taken before the lease is signed,checklist line 1694
holdover,Holdover damages formula,checklist line 85
holdover,Holdover damages figure — verify against the shared clause,checklist line 521
holdover,"Older double-rent holdover statutes outside the Act, never repealed",checklist line 3270
holdover-rate,Statutory cap on lease-set holdover liquidated damages (150% of per diem rent; 100% in HUD units),checklist line 2949
homestead-waiver,Homestead-exemption waiver in statutory words,checklist line 2953
homestead-waiver,Personal-property collection exemption waivable in the lease itself; household basics never,checklist line 3265
immigration-status,Immigration-status inquiry prohibition,checklist line 96
immigration-status,Immigrant tenant protection act,checklist line 115
immigration-status,Immigration-status protections,checklist line 1005
immigration-status,Statute makes it unlawful to enter a rental agreement with a person known to be unlawfully present,checklist line 3267
inspection-condemnation-disclosure,Disclosure of outstanding inspection and condemnation orders,checklist line 235
key-control-policy,Key-control policy and employee background checks for large complexes,checklist line 947
landlord-entry,Landlord entry notice period,checklist line 71
landlord-entry,"Remedies for refused access, and for unlawful, unreasonable or harassing entry",checklist line 206
landlord-entry,A written maintenance request is consent to entry and waives the entry notice,checklist line 1674
landlord-entry,"Landlord-initiated temporary relocation for a nonemergency condition, at landlord cost",checklist line 2965
landlord-entry,"Entry to show the unit without consent only under a tenant-signed notice SEPARATE from the lease, in the last four months, in the prospect's company",checklist line 3257
landlord-entry,A scheduled-service notice separate from the lease dispenses with the entry notice,checklist line 3258
landlord-liability-insurance,Mandatory landlord liability insurance with municipal registration,checklist line 1308
landlord-lien,Landlord lien/security interest in tenant property,checklist line 73
landlord-lien,Contractual landlord's lien with seizure and sale of tenant property,checklist line 1128
landlord-lien,"Landlord security interest in household goods only if UCC-perfected, and released at lease end",checklist line 2667
landlord-lien,Court-issued distress for rent still available for residential leases (6 months' rent),checklist line 2958
landlord-lien,Execution exemptions cannot be waived in a lease,checklist line 3599
landlord-maintenance,Habitability provisions non-waivable as an entire Part,checklist line 139
landlord-maintenance,Habitability operational duties beyond the repair itself,checklist line 142
landlord-maintenance,Landlord habitability / repair duty,checklist line 700
landlord-maintenance,Statutory list of 'imminently dangerous conditions' with a heat standard,checklist line 2147
landlord-maintenance,Central air conditioning is an essential service when supplied at the lease start,checklist line 2961
landlord-maintenance,Tenant may end the lease if the unit is uninhabitable at the start (7-day notice; refund in 15 business days),checklist line 2964
landlord-maintenance,"State blight law: personal action against an owner after six months' inaction on a serious code violation, asset lien, permit denial for other properties, extradition of out-of-state owners",checklist line 3603
landlord-registration,"Owner registration with the county assessor as an occupancy precondition, with a tenant termination right",checklist line 1676
landlord-registration,"Out-of-state owner of single-family or duplex rentals must employ an in-state-licensed broker, with an in-state person handling tenant communications",checklist line 1897
landlord-registration,"One-county landlord registration and a one-county water-authority tenant form, set by population bracket or county name",checklist line 2671
landlord-remedies-termination,"Landlord's remedies on termination — possession, rent, or both, and pre-termination damages suit",checklist line 204
landscaping-irrigation,Tenant maintenance TASKS in the lease need a SEPARATE signed writing with consideration (non-single-family),checklist line 1671
late-fee,Late-rent acceptance waiver rule,checklist line 64
late-fee,Late fee cap,checklist line 246
late-fee,Late-fee grace period limited to seniors and benefit recipients,checklist line 1299
late-fee,A shared late-fee non-waiver sentence contradicts a statutory acceptance-waiver and contemporaneous partial-payment rule,checklist line 1670
late-fee,"Late-fee cap with a grace period counted in calendar days from the day after the due date, once per payment, and no late fee for landlord-billed water/sewer",checklist line 2135
late-fee,"Late-fee grace period counts the due date and extends when the last day is a Sunday, legal holiday or election day",checklist line 2663
lead-based-paint,Lead-based paint disclosure,checklist line 39
lead-based-paint,Lead paint: Lead Warning Statement must be verbatim,checklist line 148
lead-based-paint,"Landlord lead-hazard abatement duties triggered by a child's confirmed lead poisoning, with a maintenance-standard liability shield",checklist line 1906
lead-based-paint,Painted surfaces kept to the maintenance code or the tenant may terminate; retaliation after a lead report barred,checklist line 2968
lead-safe-certification,Certificate that must be attached to the lease as an exhibit,checklist line 1295
lease-copy,"Lease copy delivery duty, and whether failure is a DEFENSE to enforcement",checklist line 484
lease-copy,Lease copy delivery duty — and whether failure is a DEFENSE to enforcement,checklist line 523
lockout-for-rent-delinquency,"Opt-in self-help lockout for delinquent rent, with advance notice and 24-hour key access",checklist line 1127
meter-conservation-charge,"Energy-efficiency meter conservation charge: landlord notice to each new tenant, or a rent deduction",checklist line 2402
meth-disclosure,"Owner's affirmative duty to REPORT contamination, and a habitation ban with a civil penalty",checklist line 217
meth-disclosure,Meth/contamination disclosure,checklist line 702
meth-disclosure,Owner's public-nuisance duty for an unremediated former drug lab,checklist line 959
meth-disclosure,Meth-lab disclosure to tenants,checklist line 1003
meth-disclosure,Landlord of property it does not live in must report a known or suspected meth lab to police within 24 hours,checklist line 2673
military-air-zone-disclosure,"Military air installation noise and accident-zone disclosure, with a 30-day termination right",checklist line 2956
minor-tenant-filing,Who may be named as an eviction defendant (minors),checklist line 234
minor-tenant-filing,Minor-tenant filing bar,checklist line 722
mold-disclosure,Mold disclosure requirement,checklist line 37
mold-disclosure,Mold disclosure,checklist line 997
nonpayment-notice,Verbatim statutory notice wording,checklist line 724
nonpayment-notice,Short-term-tenancy eviction acknowledgment signed at move-in (precondition to the fast pay-or-quit track),checklist line 981
nonpayment-notice,Tender-of-rent defense to eviction limited to once per 12 months,checklist line 1908
nonpayment-notice,"The lease itself can be the statutory nonpayment notice, in the statute's words and bold conspicuous type",checklist line 2391
nonpayment-notice,"The lease may WAIVE the statutory nonpayment notice, but only in 12-point bold or larger",checklist line 2659
nonresident-owner-agent,State income-tax withholding on rent paid to nonresident owners (exemptions for a tenant's own home and owners of four or fewer units),checklist line 2403
nonresident-owner-agent,Nonresident individual owner must name an in-state agent in every lease; no suit until filed,checklist line 2955
notice-delivery-methods,Electronic notice/delivery regime,checklist line 444
notice-delivery-methods,Who may serve a notice (sheriff/constable/process server only) and whether it reaches non-eviction notices,checklist line 982
notice-delivery-methods,"General e-mail notice regime by statutory addendum (both sign, prescribed form, revocable)",checklist line 1472
notice-delivery-methods,Lease-agreed delivery methods become mandatory for statutory eviction notices,checklist line 1900
notice-delivery-methods,"Electronic-transactions act excludes default, cure and eviction notices for a primary residence",checklist line 2140
notice-delivery-methods,A paper consumer contract may authorize electronic conduct only by a separate and express acknowledgment,checklist line 3587
nonpayment-notice,Notice-service fee ban,checklist line 802
notice-to-quit-waiver,A lease may shorten or waive the statutory notice to quit,checklist line 3585
nuisance,"Nuisance receivership: court takes the rents, lien ahead of the mortgage",checklist line 227
nuisance,Nuisance abatement: building closure exposure and the owner's motion to cancel the lease,checklist line 238
nuisance,Lease must summarize a criminal statute,checklist line 945
nuisance,"Common-nuisance suit against an owner who tolerates tenant crime, with power to order the lease terminated",checklist line 1149
nuisance,"Drug-related nuisance suits by tenants or neighbours can escrow rents, suspend subsidies or seal the property",checklist line 3273
owner-identity-disclosure,Day-one landlord/manager identity disclosure (before/at tenancy start),checklist line 41
owner-identity-disclosure,Does a disclosure failure BAR the eviction action itself?,checklist line 487
owner-identity-disclosure,Does a landlord DISCLOSURE failure bar the eviction action itself?,checklist line 520
owner-move-in-reservation,Opt-in landlord termination right (silent lease forfeits it),checklist line 801
parking-rules-notice,"Parking/towing rules: pre-execution delivery, prescribed heading, limits on mid-term changes and on vehicle data demanded, permit coterminous with the lease",checklist line 1129
parking-vehicle-rules,"The towing machinery reaches only vehicles present *without* permission, so a tenant's own car cannot be towed under it for a parking-rule breach",checklist line 197
periodic-services-entry,No-notice entry for regularly scheduled services only if the right is conspicuously written into the lease,checklist line 2395
permitted-occupants,Statutory maximum occupancy with third-party (neighbor) standing,checklist line 1131
pet-fees,Pet deposit is deposit money under the deposit statute,checklist line 1487
pet-policy,Security deposit — what counts as one,checklist line 752
pet-policy,Senior citizen housing: statutory right to keep a pet,checklist line 1298
pet-policy,Landlord may not seize or remove a tenant's pet or other personal property outside listed statutory procedures; a lease term allowing it is void,checklist line 2142
plain-language-consumer-statement,"Plain-language statute governs residential leases: readability test, a statement of consumer restrictions listing every waiver, optional Attorney General preapproval, $50,000 exclusion",checklist line 3586
pool-safety,Pool barrier / fence / safety-notice duty on a residential landlord,checklist line 213
pool-safety,"Pool safety notice at lease signing, from a health-code title, with exemptions that turn on facts the lease cannot see",checklist line 1681
portable-solar,"Tenant right to a plug-in solar device on the unit's exterior (landlords of more than 4 units, from 2027-01-01)",checklist line 2950
portfolio-thresholds,Two-limb portfolio exemptions must be read conjunctively,checklist line 582
portfolio-thresholds,"Duties tiered by the landlord's portfolio size (more than 4 Virginia units vs 4 or fewer), with no small-landlord exemption",checklist line 2944
possession-bond,"Statutory end-of-term possession bond with a confessed judgment, valid only outside the act counties",checklist line 2666
possession-delay,Alternate housing / relocation requirement during habitability failure,checklist line 82
possession-delay,Failure-to-deliver-possession tenant remedy,checklist line 84
post-eviction-property,"Post-writ tenant property — storage, inventory, care, notice duties",checklist line 517
post-eviction-property,Post-writ PET ANIMAL duties,checklist line 518
post-eviction-property,Landlord statutory immunity for writ execution,checklist line 1139
post-eviction-property,Criminal trespass for staying or returning after a writ of restitution,checklist line 1691
private-well-testing,Private well test results to tenants,checklist line 1307
prohibited-lease-terms,Confession-of-judgment clause prohibition,checklist line 60
prohibited-lease-terms,Broad exculpation/liability-limitation/indemnification prohibition,checklist line 61
prohibited-lease-terms,"Exculpation, indemnity and confession-of-judgment clauses not recognised",checklist line 230
prohibited-lease-terms,"General contract-law limits on lease terms (penalties, liquidated damages, exculpation, restricting enforcement) — OUTSIDE the landlord-tenant title",checklist line 242
prohibited-lease-terms,Is the prohibited-provisions section the COMPLETE list of banned lease terms?,checklist line 443
prohibited-lease-terms,"Lease-content restrictions (state-wide, not just the LT chapter)",checklist line 763
prohibited-lease-terms,Document-TIMING rules — void because of *when* the lease changed hands,checklist line 847
prohibited-lease-terms,Ban on passing home-warranty deductibles/copays to tenants,checklist line 950
prohibited-lease-terms,Statutory money penalty for knowingly using prohibited lease terms,checklist line 1673
prohibited-lease-terms,Money penalty for knowingly using a lease with prohibited terms,checklist line 2392
prohibited-lease-terms,No lease fee for repairs or maintenance unless the tenant caused them,checklist line 2963
property-tax-rent-disclosure,"Annual property-tax-portion-of-rent statement (July each year and on every rent change, unless the lease provides for it)",checklist line 978
protected-class-inquiry-ban,Protected-class INQUIRY and RECORD ban (distinct from the discrimination ban),checklist line 446
radon-disclosure,Radon disclosure requirement,checklist line 35
radon-disclosure,Radon-resistant NEW CONSTRUCTION mandate (separate from any disclosure duty),checklist line 220
radon-disclosure,Radon disclosure to tenants,checklist line 995
redemption,Partial rent accepted only with mandated reservation wording; statutory redemption up to 48 hours before eviction,checklist line 2948
religious-cultural-display,Religious / cultural display right,checklist line 946
rent-control,"Municipal ordinance complexity (rental registration, lead-safe cert, etc.)",checklist line 116
rent-control,Rent control / rent-stabilization preemption,checklist line 403
rent-control,Rent-control preemption,checklist line 450
rent-control,State statute defers to municipal law in BOTH directions,checklist line 803
rent-control,Statewide preemption of all local landlord-tenant regulation (not just rent control),checklist line 1480
rent-control,Statute preempts county rent control for one housing type but not another,checklist line 1687
rent-control,"State limits on local rental registration, permits and periodic inspections",checklist line 2145
rent-control,State preemption of local voucher / source-of-income mandates (the reverse of a SOI protection),checklist line 2146
rent-control,Locality may sue a landlord over habitability on tenants' behalf,checklist line 2954
rent-escalation,Retaliation safe harbours that exist only if the WRITTEN lease has the clause (escalation clause; serious-misconduct rules),checklist line 1901
rent-increase-notice,Rent-increase notice gap on a written month-to-month lease,checklist line 147
rent-increase-notice,Is the widely-cited rent-increase notice actually the MOBILE-HOME rule?,checklist line 451
rent-increase-notice,Rent-modification / rent-increase notice,checklist line 761
rent-into-court-counterclaim,Mandatory tenant counterclaim and rent paid into court in a possession action,checklist line 205
rent-into-court-counterclaim,Tenant must deposit rent into the court registry to raise any defense but payment,checklist line 1482
rent-receipt-anti-waiver,"Whether receipt of rent can be split from the habitability duty by lease, assignment, deed, trust deed or security instrument",checklist line 207
rent-receipts,Cash-rent receipt duty,checklist line 192
rent-receipts,Cash-receipt failure is an eviction defense,checklist line 1291
rent-receipts,Landlord must give a receipt for cash rent,checklist line 1700
rent-reporting,Tenant may not be required to join a state rent-reporting program,checklist line 958
rent-tax,Residential rent is exempt from state sales tax,checklist line 201
rent-tax,State sales tax on residential rent for leases of 6 months or less,checklist line 1499
rent-tax,"Statutory ban on passing a repealed local tax through to tenants, with the burden of proof on the landlord",checklist line 1690
rental-application-accuracy,Fraudulent-misrepresentation lease termination right,checklist line 126
renters-insurance-rules,Renter's-insurance requirement: tenant chooses the carrier; force-placed cost plus a capped admin fee only after a proof deadline,checklist line 2139
renters-insurance-rules,Statutory renter's-insurance advisory: the landlord must state in writing that it will not insure the tenant's property,checklist line 2660
renters-insurance-rules,Renter's-insurance and flood notice before signing when the lease does not require renter's insurance,checklist line 2947
repair-notice,Lease language that designates verbal notice waives the landlord's right to written notice,checklist line 140
required-fees,"Lease must list required fees with their purposes, and charges for partial payment",checklist line 953
residential-use-only,Purpose-limitation remedy: consequences of using the property for another purpose,checklist line 245
retaliation,Retaliation prohibition,checklist line 80
retaliation,Retaliation statute protects only complaints to the landlord of a violation of the deposit section,checklist line 2674
returned-payments,Returned/dishonored check fee cap,checklist line 58
returned-payments,"Genuinely new: returned-check-fee cap (candidate, investigated)",checklist line 65
returned-payments,Accepting a postdated check forfeits the bad-check remedies,checklist line 578
returned-payments,ACH network compliance duty on fee collection,checklist line 579
rules-regulations,"House-rule enforceability conditions, and the mid-tenancy ""substantial modification of the bargain"" limit",checklist line 219
sale-or-management-change,Successor-owner bound by deposit obligations,checklist line 52
sale-or-management-change,Broader landlord-identity-change notice (proactive tenant notification on sale/management change),checklist line 72
sale-or-management-change,Foreclosure: tenant rights when the landlord's lender forecloses,checklist line 190
sale-or-management-change,"Statutory release on sale or management change, conditioned on written notice AND deposit assignment",checklist line 218
sale-or-management-change,Seller-disclosure duties triggered when a rented dwelling is sold,checklist line 243
sale-or-management-change,"Selling or refinancing a tenanted property — showings, deposit transfer, disclosure currency, estoppel",checklist line 808
sale-or-management-change,Selling landlord released only after written notice of the sale; stays liable for the deposit,checklist line 1698
sale-or-management-change,Selling landlord stays liable for the deposit and prepaid rent even after written notice of the sale,checklist line 3264
sale-or-management-change,A receiver may not reject a lease of a tenant's primary residence,checklist line 3271
scope,Mobile home park act,checklist line 112
scope,Farm/agricultural tenancy carve-out,checklist line 113
scope,"Leases on or within a reservation, or on trust land",checklist line 202
scope,Sub-state variation that is neither statute nor ordinance,checklist line 729
scope,State law geographically confined to named cities,checklist line 845
scope,Long-term (5+ yr) lease exclusion,checklist line 1002
scope,"Two statutes in one state defining ""multiple dwelling"" differently (10+ units vs 3+)",checklist line 1305
scope,Core duties gated by lease date (entered or renewed on or after a date),checklist line 1903
scope,The landlord-tenant act applies only in counties above a population line fixed to a frozen census; the rest of the state uses a thin general chapter,checklist line 2658
scope,The landlord-tenant act expressly does not apply to a person who never was a tenant,checklist line 3604
security-deposit-cap,Deposit amount cap,checklist line 49
security-deposit-cap,Deposit cap tiered by tenancy type (weekly / monthly / longer),checklist line 2136
security-deposit-cap,"Deposit cap with open-ended exceptions for pets, alterations and 'increased liability risks'",checklist line 3262
security-deposit-cap,Deposit cap steps down from two months' rent to one month's in year two; no deposit increase after five years' possession,checklist line 3588
security-deposit-holding,"Deposit holding method chosen by landlord, with interest and bond consequences",checklist line 1477
security-deposit-holding,"Deposit escrow, list and penalty rules switch off for small self-managing owners (unit-count threshold), but the cap and return deadline do not",checklist line 1898
security-deposit-holding,"Deposit interest from the second anniversary, less a 1%-a-year landlord fee, paid annually; guarantee bond in place of escrow",checklist line 3589
security-deposit-interest,Security deposit interest requirement,checklist line 38
security-deposit-interest,Interest on ordinary deposits,checklist line 1004
security-deposit-penalty,Security deposit — noncompliance consequence,checklist line 751
security-deposit-penalty,Deposit bank-notice failure triggers a self-executing tenant rent offset (deposit + 7%),checklist line 1290
security-deposit-penalty,Deposit-forfeiture statute joins its limbs with 'and' (literal reading: all must fail),checklist line 1909
security-deposit-penalty,Willful failure of a deposit holding or bank-notice rule forfeits the entire right to retain,checklist line 2138
security-deposit-penalty,"Late deposit accounting costs double the ORIGINAL deposit, not a multiple of the amount withheld",checklist line 3263
security-deposit-penalty,Missing the damage list forfeits all rights to withhold any part of the deposit and the right to sue for damage,checklist line 3590
security-deposit-return,Unclaimed/uncashed security deposit refund — escheat duty,checklist line 210
security-deposit-return,"Security deposit RETURN mechanics (deadline, itemized accounting, forfeiture, bad-faith penalty)",checklist line 699
security-deposit-return,Security deposit — return deadline,checklist line 749
security-deposit-return,Security deposit — itemized accounting,checklist line 750
security-deposit-return,Deposit claim forfeited if the claim notice is late (landlord keeps a damages suit),checklist line 1476
security-deposit-return,Deposit notice required only above a unit-count threshold (5+ units),checklist line 1478
security-deposit-return,Deposit-return clock starts only on the tenant's DEMAND (plus termination and delivery of possession); 60-day dispute finality,checklist line 1672
security-deposit-return,"Deposit-return clock runs from the later of termination plus possession, or the tenant's demand; treble damages",checklist line 2393
security-deposit-return,Deposit forfeiture only when BOTH the separate-account duty and the damage-list duty fail; account location told at signing,checklist line 2661
security-deposit-return,Unclaimed deposit refund or refund check forfeited by the tenant after 90 days (against the unclaimed-property act),checklist line 3261
security-deposit-standards,Deposit calculation standards must be posted or given before signing when a landlord of more than four adjoining units uses differing standards,checklist line 2394
security-deposit-use,"Deposit ""use"" vs ""return"" as separate clauses",checklist line 163
security-deposit-use,"Deposit uses are a closed statutory list ('only for'), not 'any default'",checklist line 2137
security-devices,Mandatory security devices and rekey-at-turnover duty,checklist line 1135
security-devices,Mandatory security devices and rekey at turnover (TX topic; AZ answer from the AAR comparison),checklist line 1695
self-help-eviction,"Self-help eviction (lockout, utility shutoff) prohibition",checklist line 191
self-help-eviction,Statutory-floor remedies for ouster and abusive entry,checklist line 445
self-help-eviction,"Self-help eviction / unlawful ouster ban, and its money remedy",checklist line 515
self-help-eviction,Willful utility shutoff as a distinct violation,checklist line 516
senior-housing-work-card,Work cards for staff in 55+ housing,checklist line 948
service-animal-denial-penalty,Landlord-facing criminal penalty for DENYING an assistance animal,checklist line 398
service-animal-misrepresentation,Does the state's misrepresentation-penalty statute reach HOUSING?,checklist line 161
service-animal-misrepresentation,Does the misrepresentation-penalty statute reach HOUSING? (scoped by place-list vs. by act),checklist line 396
servicemember-rights,Servicemember residential lease termination (state analog of SCRA),checklist line 232
servicemember-rights,Military-shortened termination notice for periodic tenancies,checklist line 400
servicemember-rights,State SCRA analog — and is it narrower than federal?,checklist line 449
servicemember-rights,Servicemember rental applications decided within 7 days or the landlord must lease,checklist line 1485
servicemember-rights,"State-military eviction stay keyed to a rent ceiling ($1,200/month; written notice; up to 3 months)",checklist line 1490
servicemember-rights,"State statute extends federal servicemember civil-relief protections to Guard and reserve members on STATE orders, outside the landlord-tenant title",checklist line 1693
servicemember-rights,"State SCRA analog incorporating the federal Act, with a Guard lease-extension right",checklist line 2150
servicemember-rights,Servicemember protections extended to National Guard on state active duty,checklist line 2967
sex-offender-occupancy,Sex-offender proximity occupancy duty,checklist line 725
sex-offender-occupancy,One-city offender co-residence fine with a lease-statement safe harbor for the owner,checklist line 3266
sfr-occupancy-disclosure,Relative font-size / first-page placement disclosure,checklist line 944
shutdown-rent-protection,Rent-timing protection for government workers during a shutdown,checklist line 949
source-of-income,Housing-voucher/subsidy acceptance mandate,checklist line 43
source-of-income,Source-of-income: lease-statement duty and acceptance duty have different exemptions,checklist line 146
statute-of-frauds-lease-term,Long-term lease exclusion (5+ years),checklist line 118
statutory-early-termination,Termination for landlord's fraudulent misrepresentation,checklist line 1001
statutory-early-termination,Omitted lease statement forfeits accrued money — leaving out a prescribed sentence releases delinquent rent rather than voiding anything,checklist line 1126
steam-radiator-covers,"Steam radiator covers on request, with a mandatory lease rider",checklist line 1306
storage-space,Self-service storage act: does it reach landlord-provided storage?,checklist line 240
sublet-assign,"Self-defeating clauses — lawful, but they forfeit a remedy",checklist line 842
sublet-assign,Sublet approval clause: landlord silence for 10 business days is approval,checklist line 2957
substandard-property-receivership,Local code-enforcement repair orders and receivership for 2+-unit rentals,checklist line 956
surrender-end-of-term,Good-cause renewal: the end of the term does not end possession — shared clauses that treat expiration as ending the tenancy are wrong,checklist line 1286
telecom-access,Cable and satellite access rules for multifamily buildings,checklist line 2969
telecom-access,Tenant cable-television access; no rent differential for subscribers,checklist line 3597
tenant-death,Tenant-death lease-termination protection,checklist line 81
tenant-death,Opt-in authorized person for the tenant's property and animals on death or incapacity,checklist line 1677
tenant-death,Tenant-death property affidavit keyed to an emergency contact named in the lease or application,checklist line 2144
tenant-death,Lease ends at a sole tenant's death; emergency contact named in the lease or application,checklist line 2966
tenant-display-rights,Flag display as a lease-content restriction,checklist line 720
tenant-display-rights,HOA may not bar an occupant's political signs; owner needs the tenant's consent to post one,checklist line 961
tenant-forward-proceedings,Tenant duty to forward notices of proceedings against the property; attornment void,checklist line 244
tenant-maintenance,Well and septic maintenance,checklist line 194
tenant-maintenance,Tenant repair / preservation duty,checklist line 755
tenant-records,"Rent ledger duties: on request now, in the nonpayment notice and on a records request from 2027-07-01",checklist line 2952
tenant-repair-agreement,One-way duty delegation,checklist line 721
tenant-repair-agreement,— is that duty waivable?,checklist line 754
tenant-repair-agreement,Tenant-performed repairs by good-faith agreement (opt-in),checklist line 954
tenant-repair-remedies,Tenant remedy for failure to repair,checklist line 756
tenant-repair-remedies,"Rent paid into escrow while a unit is certified unfit, in listed city classes; no eviction for any reason during escrow",checklist line 3593
tenant-rights-statement,State-agency statement of tenant rights with a signed acknowledgment; no suit until it is provided,checklist line 2946
tenant-screening,Tenant-screening regulation as a distinct area,checklist line 848
tenant-screening,"Criminal-history screening only after a conditional offer, with statutory look-back periods",checklist line 1300
tenant-screening,Minimum-income tests limited to the tenant's share of rent,checklist line 1302
tenant-screening,Statutory negligence shield for renting to a person with a criminal record,checklist line 2672
tenants-property-insurance,Prohibition on pushing landlord-responsible repairs onto tenant's renter's insurance,checklist line 143
term-change-notice,Month-to-month modification notice,checklist line 703
termination-notice,Periodic-tenancy termination notice supplied by lease where no statute sets one,checklist line 188
termination-notice,Distinct week-to-week termination notice period,checklist line 401
termination-notice,Termination notice — periodic tenancy,checklist line 762
termination-notice,Statutory notice periods cannot be shortened by contract,checklist line 979
termination-notice,"Termination notice must advise of statutory extension rights (60+/disabled, shutdown workers)",checklist line 980
termination-notice,"Tenant end-of-term notice valid only if mutual, 30-60 days; liquidated damages only after a landlord reminder",checklist line 1474
termination-notice,"Payment-plan offer before a nonpayment eviction (landlords of more than 4 units, from 2027-07-01)",checklist line 2951
termination-notice,Pay-or-quit period lengthened from 5 to 14 days with no delayed effective date,checklist line 2962
towing,Towing or disposal of an abandoned vehicle from rental property,checklist line 189
towing,"Private-property towing turns on the written permission of the landowner *or tenant*, with no signage requirement and the duties falling on the tow company",checklist line 196
towing,"Private-property towing regulation — signage, written authorization, rate caps",checklist line 212
towing,Landlord kickback ban in private towing,checklist line 222
towing,Towing from private rental property: signage and written authorization,checklist line 225
towing,Towing a vehicle from the property — signage and authorization,checklist line 807
towing,"Towing preconditions and who is ""in lawful possession"" in a single-family rental",checklist line 983
towing,Towing from private rental property: written tow authorization and (in cities) mandatory parking signs,checklist line 1697
tpa-sunset,Core tenant-protection statute on a dated repeal clock,checklist line 804
translation-duty,"Statutory lease text prescribed VERBATIM, with a minimum type size AND a conditional translation duty",checklist line 800
translation-duty,Multiple type-size floors and translation duties in one state,checklist line 850
translation-duty,Lease translation when advertising and negotiating in another language,checklist line 955
unauthorized-occupant-removal,Criminal trespass escalates to Class 1 on defiance of a personally communicated order to leave; a guest the tenant still welcomes has an affirmative defence,checklist line 199
unauthorized-occupant-removal,Squatter removal outside the eviction process,checklist line 208
unauthorized-occupant-removal,Fast removal of squatters; lock change after arrest,checklist line 960
unauthorized-occupant-removal,"Sheriff or constable removal of an unauthorized occupant on the owner's sworn complaint, excluding current and former tenants",checklist line 1148
unauthorized-occupant-removal,"Police removal of a transient occupant on the owner's affidavit, outside eviction",checklist line 1492
unauthorized-occupant-removal,"Sheriff removes squatters on the owner's sworn complaint, outside eviction; wrongful use costs 3x fair market rent",checklist line 1498
unauthorized-occupant-removal,Unlawful squatting as a crime with a 3-business-day document-production citation,checklist line 1910
unauthorized-occupant-removal,"Ex parte court removal of unlawful occupants who were never tenants, hearing within 24 hours",checklist line 2399
unconscionability,General unconscionability doctrine / statute-based void-for-unconscionability,checklist line 63
unconscionability,Unconscionability statute declares one specific lease clause (animal-misrepresentation default) fully enforceable,checklist line 2664
utilities-responsibility,"Municipal utility lien for a tenant's unpaid bill, and whose name on the account defeats it",checklist line 209
utilities-responsibility,Utility cannot refuse service over a former occupant's bill; tenant's unpaid city utility bill is an eviction ground,checklist line 1491
utilities-responsibility,Municipal water or sewer bills on a tenant's account collectible from the non-occupant owner after 30-day notice,checklist line 3595
utility-interruption-submeter,Utility-interruption regime for landlord-submetered electricity,checklist line 1136
utility-landlord-account,Utility shutoff where the LANDLORD holds the account,checklist line 228
utility-landlord-account,Landlord-held utility accounts: tenants may pay and deduct; liquidated damages for failing to identify tenants; master-meter owners must notify the utility,checklist line 3594
utility-shutoff-statute,"Winter adds 30 days to utility disconnection notice — an extension, not a moratorium",checklist line 200
utility-submetering-disclosure,Submetering and separate utility billing outside the landlord-tenant act,checklist line 237
utility-submetering-disclosure,"Water submeter billing — prescribed disclosure, billing limits and late-fee cap",checklist line 806
utility-submetering-disclosure,"Water and electric submetering lease disclosures set by a utility regulator, with different unit thresholds (water: 5+ units; electric: more than 5)",checklist line 1137
utility-submetering-disclosure,"Utility charge-back (submeter or ratio billing) disclosure in the lease, and opt-in mid-term imposition on 90 days' notice",checklist line 1678
utility-submetering-disclosure,"Landlord-billed utilities: written agreement + utility-regulator authority; no disconnection, no late fee, no eviction for nonpayment",checklist line 2148
utility-transfer,Opt-in landlord cutoff of landlord-name utilities the tenant did not transfer within 3 days,checklist line 2668
window-guards,"Window-guard lease notice in bold, model text by regulation",checklist line 1293
smoking-policy,"Does a statute make smoke drift a nuisance, and let a lease waiver bar the claim? Is the landlord exposed only if the lease promises a smoke-free unit?","UT log, proposed topic questions"
late-fee,Is the late-fee cap stated as the greater of a percentage of rent and a flat dollar amount?,"UT log, proposed topic questions"
application-fees,"Written pre-application disclosure of estimated rent and fees, availability date and screening criteria, with a refund right if the lease differs","UT log, proposed topic questions"
default-by-tenant,"Does the possession judgment treble damages, and would a contract charge be swept into the trebled amount?","UT log, proposed topic questions"
nuisance,Does a nuisance statute make the landlord a necessary defendant when a third party's conduct supports abatement by eviction?,"UT log, proposed topic questions"
firearms,Does a statute bar landlord rules against firearms locked in vehicles in the parking area?,"UT log, proposed topic questions"
returned-payments,"Does a dishonored-check statute fix the service charge, and can a non-bank holder contract for more?","UT log, proposed topic questions"
fee-transparency,"Must every non-optional fee appear on the lease's first page, and does that collide with another first-page requirement?","IL log, proposed topic questions"
tenant-rights-statement,"Must a state-agency summary be attached as the first page of every lease and renewal, with each tenant signing each page?","IL log, proposed topic questions"
security-devices,"Peephole or door-viewer requirement for multi-unit rentals, triggered by construction date","IL log, proposed topic questions"
radon-disclosure,Is the radon disclosure limited by the unit's floor level?,"IL log, proposed topic questions"
criminal-activity,Must the lease itself state the landlord's statutory right to void it for criminal use?,"IL log, proposed topic questions"
utility-landlord-account,Can tenants petition for a rent receiver when the landlord does not pay the utility?,"IL log, proposed topic questions"
security-deposit-use,May the lease pre-set cleaning and repair charges that the landlord can withhold from the deposit?,"IL log, proposed topic questions"
tenant-caused-damage,"Does a statutory casualty or untenantability termination right exclude tenant-caused damage? If not, can the landlord still recover lost rent as damages?","TN retro, proposed topic questions"
post-eviction-property,Does a separate ejectment statute give a warehouse-storage option different from the detainer rule?,"TN retro, proposed topic questions"
disability-accommodation,Must the lease itself include the landlord's right to condition a disability modification on restoration (a state fair housing act copying 42 U.S.C. § 3604(f)(3)(A) plus a 'shall be included in any lease' sentence)?,"ID log, proposed topic questions"
towing,"Does state towing law bar towing or booting a vehicle solely for expired or improper registration, or require signage naming the towing firm?","ID log, proposed topic questions"
required-fees,"Must every fee, fine, interest or other charge be stated in the written lease, with a notice period to add one later?","ID log, proposed topic questions"
rent-increase-notice,"Does the notice period apply to fixed-term leases as well as periodic ones, and is there a separate nonrenewal-notice duty?","ID log, proposed topic questions"
consumer-protection-act,"Does the state's consumer protection act list blank spaces at signing or failing to give a copy at signing as unlawful practices, and does it reach residential leases?","ID log, proposed topic questions"
unpaid-damages-interest,"Does a fee statute require interest on late amounts to be stated in the lease before it can be charged, even where a legal rate applies without a contract?","ID log, proposed topic questions"
security-deposit-return,Does the statute let the lease fix the refund time within a range ('if no time is fixed by agreement')?,"ID log, proposed topic questions"
smoking-policy,"Does the state constitution or a cannabis statute protect a tenant's non-smoking marijuana use, so that a shared vaping ban must be narrowed?","MO log, proposed topic questions"
pet-fees,Is a pet deposit excluded from the statutory definition of a security deposit (and so from the cap and return rules)?,"MO log, proposed topic questions"
deposit-cost-schedule,"Does the deposit statute let the lease pre-set only carpet-cleaning charges, and only with a prescribed tenant notice?","MO log, proposed topic questions"
abandoned-property,"Is the statutory abandonment procedure the only non-judicial way to remove a tenant's property, so that a lockout-and-removal statute makes every other removal unlawful?","MO log, proposed topic questions"
nonresident-owner-agent,Is a nonresident or corporate landlord's agent designation hidden in a receivership or code-enforcement chapter rather than the landlord-tenant act?,"MO log, proposed topic questions"
tenant-caused-damage,"Does the rent-into-court (repair-escrow) statute have a narrower tenant-fault defense than the casualty statute, so that a no-abatement clause could waive it?","NJ retro, proposed topic questions"
cannabis,"Does the state let landlords ban cannabis smoking only in multi-unit buildings, and edibles only outside them?","NJ retro, proposed topic questions"
rent-escalation,"Does the retaliation statute's safe harbour for a market-rate increase during the term apply only if the lease provides for it, so a lease clause is the only route to a mid-term increase?","IN log, proposed topic questions"
rules-regulations,Does the tenant-duty statute bind the tenant only to rules in force at signing unless the lease provides for amended rules?,"IN log, proposed topic questions"
tenant-death,"Can the lease itself designate the tenant's representative for property, deposit and unearned rent on death or incapacity, and does a later separate designation outrank it?","IN log, proposed topic questions"
military-air-zone-disclosure,"Is a lease disclosure required for property within a set distance of a named military installation or in a military impact district, not only in a noise or accident zone?","IN log, proposed topic questions"
utility-submetering-disclosure,"Does the disclosure statute set a type-size rule relative to the rest of the document, making a separate signed page the safer vehicle?","IN log, proposed topic questions"
security-deposit-return,Do two sections count the return deadline from different events (end of occupancy vs termination plus delivery of possession)?,"IN log, proposed topic questions"
pet-fees,Is a refundable pet deposit inside the statutory definition of a security deposit?,"IN log, proposed topic questions"
hoa,Does a statute protect a renter's home child care against the association but not against the landlord?,"IN log, proposed topic questions"
habitability-waiver,"Can a written agreement remove a habitability requirement itself (not just reassign who maintains it)? If so, which sentence of the statute carries the qualifier, and what stays non-waivable?","WY retro, 2026-10-01"
foreign-ownership,"Does the state's alien land law, or a recent amendment, bar non-resident aliens or foreign adversaries from leasing land, and is a residential tenancy a lease of 'land'?","OK log, proposed topic questions"
tenant-repair-agreement,"Is the separate-writing rule for tenant repairs and chores limited to single-family residences, or does it reach every dwelling unit?","OK log, proposed topic questions"
sex-offender-occupancy,Does the state make it a crime to knowingly lease a dwelling where two registered offenders live together?,"OK log, proposed topic questions"
cannabis,Does the medical marijuana law let a patient grow on rented property only with the owner's written permission?,"OK log, proposed topic questions"
tenant-screening,Does a statute let tax-credit property owners set lease conditions on prior felony convictions?,"OK log, proposed topic questions"
rent-increase-notice,Does an emergency price-gouging statute cap rent for dwelling units during and after a declared emergency?,"OK log, proposed topic questions"
security-deposit-return,"Is the refund conditioned on a written demand by the tenant, with the deposit reverting to the landlord if none is made in time?","OK log, proposed topic questions"
permitted-occupants,"Does a housing code set occupancy by air space or floor area per occupant, rather than persons per bedroom, and in which places does it apply?","MI log, proposed topic questions"
eviction-process,"Can the court order the tenant to pay rent into escrow while the trial is adjourned, and what does the tenant lose by not paying?","MI log, proposed topic questions"
conversion-notice,Does the condominium act preempt local conversion moratoria and tenant rights beyond the act?,"MI log, proposed topic questions"
casualty-termination,Does a rule letting the parties modify the repair covenant only in leases of a year or more limit a landlord casualty-termination clause in shorter leases?,"MI log, proposed topic questions"
security-deposit-return,"May the landlord refund the deposit balance by electronic transfer, and does that change the deadline?","MI log, proposed topic questions"
rental-inspection,"Can the lease itself authorize a housing inspector to enter, so the tenant must provide access without separate consent?","MI log, proposed topic questions"
municipal-utility-lien,Does a lease clause plus an affidavit filed with the utility keep a tenant's unpaid water and sewer bills from becoming a lien on the property?,"MI log, proposed topic questions"
tenant-death,Must the landlord offer the tenant in writing the option to name a contact person before it can use a statutory reentry procedure after a sole tenant dies?,"MI log, proposed topic questions"
notice-delivery-methods,"Is electronic service of a demand for possession allowed only with the tenant's specific written consent confirmed by e-mail reply, and may the landlord refuse to rent to someone who declines?","MI log, proposed topic questions"
cannabis,Does the adult-use law let a lease ban smoking and cultivation but not possession or non-smoking consumption?,"MI log, proposed topic questions"
utility-landlord-account,"Do the utility regulator's rules bar shutting off a tenant's service for the landlord's unpaid bill, and must each unit be notified before a building-wide shutoff?","MI log, proposed topic questions"
termination-notice,"Does a general landlord-tenant statute outside the URLTA chapter say a written term ends without notice, and how does it sit with the URLTA's notice to end a term 'longer than month-to-month'?","IA log, proposed topic questions"
landlord-entry,"Does the base access clause's 'right of reasonable access' on notice give away the tenant's statutory right to withhold consent reasonably, where entry turns on consent?","IA log, proposed topic questions"
service-animal-denial-penalty,"Do guide-dog or hearing-dog statutes outside the fair housing act require landlords to waive lease restrictions, with a criminal penalty?","IA log, proposed topic questions"
towing,"Does the abandoned-vehicle statute preempt local towing ordinances, and when did that start?","IA log, proposed topic questions"
holdover,Does an older double-rental-value statute outside the act apply alongside the act's willful-holdover damages?,"IA log, proposed topic questions"
late-fee,"Must the landlord give notice of a late fee within a set time before it can be collected, and does the lease have to provide for the fee at all?","NM log, proposed topic questions"
fee-transparency,Is charging a fee that is not stated in the rental agreement itself an unfair or deceptive trade practice?,"NM log, proposed topic questions"
application-fees,"Must the landlord hold an applicant's screening-fee payment until earlier applicants are screened, and refund it if a prior applicant takes the unit?","NM log, proposed topic questions"
term-change-notice,Does raising a fee the lease already provides need a longer notice than a rent increase?,"NM log, proposed topic questions"
security-deposit-interest,"Is the interest rate set by reference to a federal body that no longer exists, leaving the rate uncertain?","NM log, proposed topic questions"
tenant-death,May the lease require the tenant to name a contact person and authorize that person to remove property and receive the deposit if the tenant dies?,"NM log, proposed topic questions"
early-termination,Does a shared landlord termination limb for 'vacating without notice' conflict with a statutory definition of abandonment that requires an absence after rent is delinquent?,"NM log, proposed topic questions"
security-deposit-return,"Does the deadline exception for a pending court claim require the claim to be for actual damages, and does the enrolled act differ from the compiled code?","MT log, proposed topic questions"
rent-increase-notice,Does a general-chapter change-of-terms statute apply to tenancies under the residential act when the act itself is silent?,"MT log, proposed topic questions"
tenant-repair-agreement,"Does the act have two tenant-chore subsections with different formalities, and which governs specified repairs?","MT log, proposed topic questions"
smoking-policy,"Does the cannabis law treat vaping separately from smoking, so a lease vaping ban could reach protected non-smoked consumption?","MT log, proposed topic questions"
servicemember-rights,Is the state's lease-termination right limited to its own National Guard?,"MT log, proposed topic questions"
application-fees,"Does an application-fee refund rule apply only above a unit-count threshold, and is ""property manager"" broader than the licensing definition?","MT log, proposed topic questions"
abandoned-property,Must the landlord give a separate plain-language notification of the property-disposition rules when the tenancy ends?,"MT log, proposed topic questions"
foreclosure,"Does a trustee's-sale or execution-sale statute make tenants at will or redirect rent to the purchaser, even without the word ""foreclosure""?","MT log, proposed topic questions"
fair-housing,"Does the state constitution's equal-dignity clause reach private persons, adding classes such as ""social origin or condition""?","MT log, proposed topic questions"
algorithmic-rent-setting,"Does a state antitrust statute make it unlawful for a residential landlord to set rents or lease terms on a coordinating algorithm's recommendations? (New York, N.Y. Gen. Bus. Law § 340-b.)","NY log, proposed topic questions"
required-disclosures,"Does the state require a notice of whether the unit is covered by a just-cause or rent-increase law in every lease and renewal? (New York, N.Y. Real Prop. Law § 231-c.)","NY log, proposed topic questions"
lease-type-size,"Does any statute set a minimum type size for the whole printed lease, with an evidentiary sanction? (New York, N.Y. Civ. Prac. L. & R. 4544.)","NY log, proposed topic questions"
consumer-protection-act,"Has the state's highest court decided whether its consumer or debt-collection act governs residential leases, and do the statute annotations reflect the latest decision? (Wisconsin, Koble Investments v. Marquardt, 2026 WI 19.)","WI log, proposed topic questions"
alarm-duties,"Do the smoke and carbon monoxide detector duties differ between one- or two-unit dwellings and larger buildings, and who maintains which detectors? (Wisconsin, Wis. Stat. §§ 101.145, 101.149, 101.647.)","WI log, proposed topic questions"
addendum-precedence,"Does the state require an optional separate document (such as nonstandard rental provisions) that must control over the lease? (Wisconsin, Wis. Admin. Code ATCP § 134.06(3)(b).)","WI log, proposed topic questions"
pet-policy,"Does a ban on seizing or holding tenant property stop a lease from letting the landlord remove or board a pet? (Wisconsin, Wis. Admin. Code ATCP § 134.09(4).)","WI log, proposed topic questions"
tenant-caused-damage,"Does a void-term list limit tenant liability to damage by the tenant and the tenant's guests or invitees, so ""occupant"" wording needs checking? (Wisconsin, Wis. Stat. § 704.44(7)(b).)","WI log, proposed topic questions"
for-cause-eviction,"Does a good-cause rule apply to a subset of tenancies (such as manufactured home communities) even though ordinary rentals need no cause? (Wisconsin, Wis. Stat. § 710.15(5m).)","WI log, proposed topic questions"
promises-to-repair,"Must a landlord's promise to clean, repair or improve the unit be in writing with a completion date, and given before the lease is signed? (Wisconsin, Wis. Admin. Code ATCP § 134.07.)","WI log §10, new topic key"
utility-disconnection-notice-authorization,"Can the owner authorize the utility, in a separate document, to notify it of a tenant's pending service disconnection? (Wisconsin, Wis. Stat. § 196.643(3).)","WI log §10, new topic key"
water-heater-temperature,"Must the landlord set a unit-only water heater to a maximum temperature before each new tenant moves in? (Wisconsin, Wis. Stat. § 704.06.)","WI log §10, new topic key"
water-heater-temperature,"Does a statute outside the landlord-tenant act (an energy or building chapter) require the owner to set an individual water heater's temperature at each new occupancy? (Washington, RCW 19.27A.060(3).)","WA log, proposed topic questions"
for-cause-eviction,"Does the just-cause statute let a fixed term end without cause only if the lease uses specified options, so that without them the tenancy becomes month-to-month? (Washington, RCW 59.18.650(1)(b)-(d).)","WA log, proposed topic questions"
rent-control,"Does a statewide rent-increase limit count recurring fees as rent, and does it expire on a set date? (Washington, RCW 59.18.030, 59.18.700(8).)","WA log, proposed topic questions"
security-deposit-holding,"Must the landlord give written notice of the depository, and who keeps trust-account interest unless the lease says otherwise? (Washington, RCW 59.18.270.)","WA log, proposed topic questions"
guest-policy,"On mobile home lots, does a live-in care provider statute limit a guest-stay or consent clause, and do lot rules need their own notice and grace period? (Washington, RCW 59.20.145, 59.20.045(6).)","WA log, proposed topic questions"
dv-lease-termination,"Does a victim of the landlord have a separate route (leave first, or change locks with the lease ending automatically unless the tenant opts to stay)? (Washington, RCW 59.18.575(3)-(4).)","WA log, proposed topic questions"
pool-safety,"Do health-department water recreation rules reach pools at apartments and rental housing, with exclusions for single-family homes and owner-occupied duplexes? (Washington, chapter 246-260 WAC; RCW 70.90.250.)","WA log, proposed topic questions"
portable-cooling-device,"Does the tenant have a right to install a portable or window cooling device, and must a lease that restricts window units say so? (Washington, RCW 59.18.740.)","WA log §10, new topic key"
lease-type-parity,"Does a statute bar terms more burdensome for a month-to-month tenant than for a fixed-term tenant (or the reverse), or cap the rent difference between lease types? (Washington, RCW 59.18.700(4)(a)-(b).)","WA log §10, new topic key"
smart-access,"Does a statute regulate smart access systems (smart locks or app-based entry) in residential rentals, and when does it take effect? (Washington, RCW 59.18.750-59.18.760, effective January 1, 2027.)","WA log §10, new topic key"
smoking-policy,"Does the state require the lease to disclose the smoking policy in prescribed forms, and does a mid-tenancy ban need consent? (Oregon, ORS 479.305; ORS 90.262(2) as amended 2027.)","OR log, proposed topic questions"
tenant-portal,"May a landlord require payment or signatures through an online portal? (Oregon, Or. Laws 2026, ch. 23, §§ 2-3.)","OR log, proposed topic questions"
disaster-duties,"After a declared natural disaster, does the tenancy end, and is rent owed while the unit is inaccessible? (Oregon, Or. Laws 2026, ch. 108, § 21.)","OR log, proposed topic questions"
tenant-confidential-information,"Does the state bar a landlord from disclosing tenant information, and with what consent? (Oregon, Or. Laws 2026, ch. 61, § 2.)","OR log, proposed topic questions"
for-cause-eviction,"Does the state's just-cause rule turn on a 'first year of occupancy' counted from any tenant's start? (Oregon, ORS 90.427(1)(a).)","OR log, proposed topic questions"
informal-dispute-resolution,"May the lease require the parties to try to resolve a dispute informally before going to court, and what must it leave out (such as possession actions)? (Oregon, ORS 90.245.)","OR log §10, new topic key"
recycling-notice,"Must a landlord tell tenants where and how to recycle on the premises? (Oregon, ORS 90.318.)","OR log §10, new topic key"
rent-installments,"May the lease set rent in installments, and are scheduled installments partial payments of rent? (Oregon, ORS 90.417(3).)","OR sync, companion topic key"
family-child-care,"Must a landlord allow a tenant to run a family child care home, and on what conditions (liability waivers, insurance)? (Oregon, ORS 90.358.)","OR sync, companion topic key"
actual-notice-method,"May the parties agree on an extra way to give actual notice (such as a text message) where the law requires actual notice? (Oregon, ORS 90.150(4).)","OR sync, companion topic key"
alarm-tampering-fee,"May the lease charge a fee for removing or tampering with a smoke or carbon monoxide alarm, and how much? (Oregon, ORS 90.302(2)(c).)","OR sync, companion topic key"
cares-act-notice,"Does federal law require a longer notice to vacate than the state's for a property with a federally backed mortgage or in a federal housing program, and is that still in force? (Federal, 15 U.S.C. § 9058(c); one federal row tags every state.)","Cross-state decision, 2026-10-04"
guarantor-renewal,"Does a general guaranty statute require a separate guaranty to state a maximum liability and an end date unless it is written on or refers to the lease? (Kentucky, KRS 371.065.)","KY log, proposed topic questions"
construction-liens,"Can the lease itself keep the lessor's interest free of liens for tenant improvements if it says so expressly and the tenant tells contractors? (Kentucky, KRS 376.010(3), leases on or after June 29, 2023.)","KY log, proposed topic questions"
landlord-maintenance,"Outside the landlord-tenant act, does a local-government statute make every owner keep structures fit for habitation, enforced by code fines and liens? (Kentucky, KRS 65.8840(5).)","KY log, proposed topic questions"
abandoned-property,"Is there a separate lien and sale procedure for property abandoned on a rented mobile home lot? (Kentucky, KRS 376.480.)","KY log, proposed topic questions"
servicemember-rights,"Does a state statute extend the federal SCRA's protections to National Guard members on state active duty? (Kentucky, KRS 38.510.)","KY log, proposed topic questions"
municipal-utility-lien,"Can a local government put a tenant's unpaid garbage fees on the owner's property tax bill, and how does a non-occupying owner avoid it? (Kentucky, KRS 109.310.)","KY log, proposed topic questions"
pool-safety,"Do health statutes class a residential community's pool as a limited-access pool with lifeguard and shut-off duties? (Kentucky, KRS 211.203.)","KY log, proposed topic questions"
meth-disclosure,"Does the penalty for leasing without the disclosure turn on a contamination determination rather than the posted notice that triggers the disclosure duty? (Kentucky, KRS 224.99-010(15), 224.1-410.)","KY log, proposed topic questions"
scope,"Where the uniform act applies only by local adoption, which localities have adopted it, and is there a primary list? (Kentucky, KRS 383.500.)","KY log, proposed topic questions"
single-family-zone-lease-limit,"Does a statute limit renting homes in single-family zones unless the owner lives on the lot? (Kentucky, KRS 383.199, Jefferson County, new leases after June 27, 2025.)","KY log §10, new topic key"
fair-housing,"Has the state's fair housing act been moved or renumbered recently, and do its cross-references still point at the right sections? (West Virginia, art. 5-11A to art. 16B-18 in 2024.)","WV log, proposed topic questions"
municipal-utility-lien,"Do the state's water, sewer and other utility lien statutes exempt an owner from a tenant's unpaid bill, and do all of them carry the same proviso? (West Virginia, W. Va. Code §§ 8-19-12a, 16-13A-9.)","WV log, proposed topic questions"
electronic-signatures,"Does the state's UETA exclude eviction, default or cure notices for a primary residence? (West Virginia, W. Va. Code § 39A-2-11(2)(B).)","WV log, proposed topic questions"
accessory-dwelling-unit,"Does a statute stop cities from restricting accessory dwelling units, and does it reach rentals? (West Virginia, W. Va. Code § 8-42-1(a), 2026.)","WV log §8, new topic key"
eminent-domain,"Does the tenant's duty to pay rent end or shrink when the leased property is taken by eminent domain, unless the lease says otherwise? (West Virginia, W. Va. Code § 37-6-29.)","WV log §8, new topic key"
home-business,"Does a statute make a home-based business a permitted use of a residential dwelling, and can a lease still restrict it? (West Virginia, W. Va. Code §§ 8-40-1 to 8-40-5.)","WV log §8, new topic key"
pet-policy,"Does the shared clause's pet-removal power let the landlord take tenant property during the tenancy without process, and does its indemnity reach the landlord's own negligence? (Maryland, Real Prop. §§ 8-208(d)(6), 8-105.)","MD log, proposed topic questions"
rent-reporting,"Does the state require landlords of a given size to offer positive rent reporting in the lease, with a signature block for the tenant's election? (Maryland, Real Prop. § 8-208.4.)","MD log, proposed topic questions"
utility-submetering-disclosure,"Do the billing exclusions (ratio billing, third-party submetering) differ by building size? (Maryland, Real Prop. §§ 8-205.1-8-205.3.)","MD log, proposed topic questions"
lead-based-paint,"Does the state require its own tenant-rights notice, inspection certificate or information packet at lease signing, and must they be repeated during the tenancy? (Maryland, Envir. Title 6, Subtitle 8.)","MD log, proposed topic questions"
rent-into-court-counterclaim,"Besides a jury demand and rent escrow, does a long adjournment of the eviction trial require rent to be paid into court? (Maryland, Real Prop. § 8-403.)","MD log, proposed topic questions"
pet-eviction-fact-sheet,"Must the landlord give a state fact sheet on pets and eviction with the lease when it knows the tenant has a dog or cat? (Maryland, Real Prop. § 14-804.)","MD log §18.3, new topic key"
lead-state-notices,"Beyond the federal disclosure, does state lead law require its own notices, certificates or packets delivered with the lease? (Maryland, Envir. Title 6, Subtitle 8.)","MD sync, rule 57 re-key"
association-obligations-disclosure,"Must a lease of a unit in a condominium or homeowners' development disclose the association's obligations or documents to the tenant? (Maryland, Real Prop. § 8-210(b), Montgomery County only.)","MD sync, rule 57 re-key"
habitability-statement,"Must the lease itself state that the landlord will deliver the unit fit for habitation? (Maryland, Real Prop. § 8-208(c)(1).)","MD sync, rule 57 re-key"
acceptable-payment-methods,"Does a state credit-card surcharge ban reach rent paid by card (is rent a ""sales transaction"")? (Massachusetts, ch. 140D, § 28A.)","MA log, proposed topic questions"
application-fees,"Does the state ban application/screening fees outright through a closed list of up-front money rather than a fee cap? (Massachusetts, ch. 186, § 15B(1)(b).)","MA log, proposed topic questions"
collection-fee,"Does the state debt-collection regulation bar collecting any fee on a past-due rent debt unless the lease expressly authorizes it? (Massachusetts, 940 CMR 7.07(16).)","MA log, proposed topic questions"
fee-transparency,"Does a state junk-fee/total-price regulation expressly cover dwelling units for rent and allow advertising a monthly Total Price with the lease period? (Massachusetts, 940 CMR 38.03-38.04.)","MA log, proposed topic questions"
fee-transparency,"Does a state negative-option/auto-renewal regulation reach automatically renewing residential leases? (Massachusetts, 940 CMR 38.05.)","MA log, proposed topic questions"
fees-as-rent,"Does a lease clause making the landlord's legal costs ""additional rent"" trigger an implied reciprocal attorney-fee covenant for the tenant? (Massachusetts, ch. 186, § 20.)","MA log, proposed topic questions"
late-fee,"Does the state bar late fees and negative credit reporting for federal workers affected by a government shutdown who give notice within 30 days? (Massachusetts, ch. 239, § 17(e).)","MA log, proposed topic questions"
rent-control,"Does the state rent-control ban leave public, subsidized and federally assisted housing and mobile homes outside its reach? (Massachusetts, ch. 40P, § 3.)","MA log, proposed topic questions"
rent-escalation,"Does the retaliation presumption apply to a rent increase scheduled in the lease itself, or only to a later notice of increase? (Massachusetts, ch. 186, § 18; case law.)","MA log, proposed topic questions"
rent-increase-notice,"Does a state change rent on a tenancy at will only through a termination notice that offers a new tenancy, with no separate rent-increase notice? (Massachusetts, ch. 186, § 12.)","MA log, proposed topic questions"
rent-tax,"Does the room occupancy excise reach rooming-house (lodging house) occupancies of 90 days or less, distinguishing them from apartment leases? (Massachusetts, ch. 64G, § 1.)","MA log, proposed topic questions"
unpaid-damages-interest,"Does a general interest statute set a legal rate absent agreement but require a written agreement to recover more in suit? (Massachusetts, ch. 107, § 3.)","MA log, proposed topic questions"
deposit-escheat,"Does the unclaimed-property act list security deposits expressly and use a 3-year dormancy for a landlord-held deposit refund? (Massachusetts, ch. 200A, §§ 1, 5.)","MA log, proposed topic questions"
dv-deposit-timing,"Does the deposit clock after a domestic-violence termination wait for all occupants to deliver possession? (Massachusetts, ch. 186, § 24(c).)","MA log, proposed topic questions"
fee-in-lieu-of-deposit,"Has the state housing agency issued the regulations a fee-in-lieu-of-deposit statute requires, and is the fee barred until it does? (Massachusetts, ch. 186, § 15B(1)(b)(iii).)","MA log, proposed topic questions"
security-deposit-cap,"Can a landlord top up a deposit capped at the first month's rent after a later rent increase? (Massachusetts, ch. 186, § 15B(1)(b), (d).)","MA log, proposed topic questions"
security-deposit-return,"Does the deposit deadline run from different events for a tenancy at will (end of occupancy) and a written lease (end of the lease term)? (Massachusetts, ch. 186, § 15B(4).)","MA log, proposed topic questions"
alterations,"Does the state fair housing law shift the cost of disability modifications to owners of larger (10+ unit) or assisted housing? (Massachusetts, ch. 151B, § 4(7A).)","MA log, proposed topic questions"
construction-liens,"Does a lease consenting to tenant alterations make the landlord a consenting owner who is exposed to a contractor's lien for the tenant's work? (Massachusetts, ch. 254, § 1; case law.)","MA log, proposed topic questions"
repair-notice,Does a lease term requiring written repair requests limit the tenant's statutory defenses that turn on the landlord's knowledge rather than written notice?,"MA log, proposed topic questions"
landlord-entry,"Does the state's code-compliance access rule (48 hours) govern entries to show the unit, or only repair and code work?","MA log, proposed topic questions"
guarantor-renewal,"Does a cap on money collected at the start of a tenancy also limit a deposit or prepayment demanded from a guarantor? (Massachusetts, ch. 186, § 15B(1)(b).)","MA log, proposed topic questions"
liquidated-damages,"Does a consumer-protection regulation expressly permit retaining an agreed damages amount for a tenant's breach? (Massachusetts, 940 CMR 3.17(6)(c).)","MA log, proposed topic questions"
nonpayment-notice,"Must a nonpayment notice to quit be accompanied by a state-agency form, with filing barred without proof of delivery? (Massachusetts, ch. 186, § 31.)","MA log, proposed topic questions"
nuisance,"Does a nuisance-abatement statute let neighbors (ten legal voters) sue to close a building, while protecting uninvolved occupants? (Massachusetts, ch. 139, § 16A.)","MA log, proposed topic questions"
redemption,"If a nonpayment judgment is fully paid with use and occupancy, is levy barred even though the landlord need not accept payment? (Massachusetts, ch. 239, § 3.)","MA log, proposed topic questions"
rental-application-accuracy,"Does a sealed-record statute let applicants answer 'no record', so that a lease misrepresentation clause must exempt that answer? (Massachusetts, ch. 239, § 16(j).)","MA log, proposed topic questions"
social-security-defense,"Does the nonpayment statute require a continuance and reinstatement when a government benefit or voucher payment is late? (Massachusetts, ch. 186, §§ 11-12.)","MA log, proposed topic questions"
accessory-dwelling-unit,"Does state zoning law allow one accessory dwelling unit, and its rental, by right and bar owner-occupancy requirements? (Massachusetts, ch. 40A, § 3.)","MA log, proposed topic questions"
severability,"Do the state statutes void offending lease terms individually (so a severability clause is consistent), or do any void the whole lease?","MA log, proposed topic questions"
statute-of-frauds-lease-term,"Is the state's long-lease threshold a recording rule rather than a validity rule? (Massachusetts: more than seven years, ch. 183, § 4.)","MA log, proposed topic questions"
statutory-forms,"Does the state prescribe verbatim text only for side documents (statement of condition, notices, applications) rather than for the lease itself?","MA log, proposed topic questions"
tenant-records,"Does the state data-security statute (written information security program, breach notice) reach landlords holding applicant SSNs and bank data?","MA log, proposed topic questions"
tenant-portal,Does UETA's non-waivable right to refuse further electronic transactions limit a lease term requiring all signatures or notices through a portal?,"MA log, proposed topic questions"
term-change-notice,Does the state treat a change of any tenancy-at-will term (not only rent) as requiring a full termination notice offering a new tenancy?,"MA log, proposed topic questions"
assistance-animal-accommodation,"Does the state fair housing law protect a trained dog guide (blindness/hearing impairment) as its own category, separate from reasonable accommodation, with no textual direct-threat exception?","MA log, proposed topic questions"
pet-fees,"Is a refundable pet deposit inside the single capped security deposit when the statute lists up-front money as a closed list without defining ""security deposit""?","MA log, proposed topic questions"
pet-policy,"Does a statutory closed list of lease entry purposes bar a lease clause authorizing entry to remove a pet, even with an ""as law permits"" hedge?","MA log, proposed topic questions"
service-animal-denial-penalty,Does the public-accommodation definition used by the dog-guide penalty (common halls of buildings; lodging for permanent guests) reach residential rental buildings?,"MA log, proposed topic questions"
towing,"Does the private-property towing statute let a landlord tow a tenant's own car if the tenant was directly forbidden to park there, with no sign requirement?","MA log, proposed topic questions"
storage-space,Does the state self-service storage act (lien and sale) reach a storage locker leased as part of a residential tenancy?,"MA log, proposed topic questions"
cannabis,"Does the medical marijuana statute protect cardholders in housing, or is it silent so the adult-use landlord rules govern both?","MA log, proposed topic questions"
portable-solar,Does a general statute voiding instrument restrictions on solar energy systems reach residential lease terms?,"MA log, proposed topic questions"
rules-regulations,"Is the only statutory limit on mid-tenancy rule changes the retaliation presumption for a ""substantial alteration in the terms of tenancy""?","MA log, proposed topic questions"
smoke-drift-waiver,Does the smoke-free workplace law reach enclosed common hallways of apartment buildings where building staff work?,"MA log, proposed topic questions"
hazardous-contamination-disclosure,Does a state cleanup regulation require recorded environmental use limitations to be incorporated into residential leases?,"MA log, proposed topic questions"
fair-housing,Does the state advertising ban survive the owner-occupied two-family exemption written into the rental provision?,"MA log, proposed topic questions"
fair-housing,Does the state source-of-income protection (housing subsidy recipients) have any small-landlord or owner-occupied exemption?,"MA log, proposed topic questions"
hoa-compliance,"May a condominium association collect rent directly from the tenant when the unit owner is delinquent in common charges, and must the lease account for it?","MA log, proposed topic questions"
lead-based-paint,"Must a state lead notification be given again at lease renewal, or only before a new tenancy agreement? (Massachusetts, ch. 111, § 197A(d)(2).)","MA log, proposed topic questions"
common-area-lighting,"In a two- or three-unit building, may a written lease make a tenant pay for common-area lights wired to the tenant's electric service, and only from the start of a new tenancy? (Massachusetts, 105 Mass. Code Regs. 410.300(F).)","MA sync, rule 57 re-key"
tax-escalation,"May a lease pass real estate tax increases to the tenant, and must the clause state the tenant's exact share and refund any abatement? (Massachusetts, ch. 186, § 15C.)","MA sync, new topic"
sanitary-code-variance,"When a health-code variance is in effect for a rental, must it be given to tenants and attached to the rental agreement? (Massachusetts, 105 Mass. Code Regs. 410.700(D).)","MA sync, new topic"
for-cause-eviction,"Does an age- or disability-based good-cause rule also reach relatives living with the tenant, mobile home parks, and condominium conversion tenants regardless of how many units the landlord owns? (Connecticut, Conn. Gen. Stat. § 47a-23c(a).)","CT log, proposed topic questions"
utility-apportionment,"Does the state make unenforceable a term that makes the tenant pay for utilities not separately metered to the unit, and for leases signed from which date? (Connecticut, Conn. Gen. Stat. § 47a-4(a)(11), leases entered into or renewed on or after October 1, 2026.)","CT log, proposed topic questions"
required-disclosures,"Must a state form be the first page of the lease? (Connecticut, Conn. Gen. Stat. § 47a-7d(d).)","CT log, proposed topic questions"
eminent-domain,"Can the court in a condemnation case cancel the lease and end the rent? (Connecticut, Conn. Gen. Stat. § 48-22.)","CT log, proposed topic questions"
tenant-screening,"Is relying on erased criminal records a discriminatory housing practice? (Connecticut, Conn. Gen. Stat. § 46a-80c.)","CT log, proposed topic questions"
late-fee,"Is the grace period extended when the landlord's online payment system prevents payment? (Connecticut, Conn. Gen. Stat. § 47a-15a(a).)","CT log, proposed topic questions"
fee-transparency,"Does the fee-disclosure rule exempt tenancies whose state or federal subsidy requires a different lease format? (Rhode Island, R.I. Gen. Laws § 34-18-15(a)(1).)","RI log, proposed topic questions"
purpose-limitation,"Does a criminal or nuisance statute void or annul the lease when the premises are used for a prohibited purpose? (Rhode Island, R.I. Gen. Laws §§ 11-19-23, 11-30-6.)","RI log, proposed topic questions"
retaliation,"Does the retaliation presumption arise only from a complaint, and is it lost where the complaint followed the landlord's notice of the increase or other act? (Rhode Island, R.I. Gen. Laws § 34-18-46(b).)","RI log, proposed topic questions"
rent-tax,"Does the sales or hotel tax reach rooms let to permanent tenants (a rooming house) unless the written lease is 12 months or more? (Rhode Island, R.I. Gen. Laws §§ 44-18-7.1, 44-18-18.)","RI log, proposed topic questions"
knowing-use-penalty,"Does a later-added section's own voidness clause displace the chapter's penalty for knowingly using a prohibited term? (Rhode Island, R.I. Gen. Laws §§ 34-18-17(b), 34-18-67.)","RI log, proposed topic questions"
security-deposit-cap,"Does a separate furniture deposit sit outside the cap only above a replacement-value threshold? (Rhode Island, R.I. Gen. Laws § 34-18-19(e): up to one month's rent, furniture worth $5,000 or more.)","RI log, proposed topic questions"
